SMILES,熔点Tm,玻璃化转变温度Tg ,分解温度Td,密度ρ,生成焓H,爆速Df,爆压PG,撞击感度,摩擦感度,比冲,点火延迟,氧化剂,粘度,参考文献,cation,wrong_smiles
CCCC[N+]1=CN(C)C=C1.O=[N+](C2=NN=C([N+]([O-])=O)[N-]2)[O-],35.5,,239,,,,,,,,,,,10.1039/B414683B,CCCC[n+]1ccn(C)c1,
CCCC[N+]1=CN(C)C=C1.C2(/N=N/C3=NN=N[N-]3)=NN=N[N-]2,3,,,1.26,-1006,,,,,,,,,10.1039/B502583D,CCCC[n+]1ccn(C)c1,
CCCC[N+]1=CN(C)C=C1.[N-]=[N+]=[N-],36,-74,222,,305,,,,,,,,,10.1021/ic8004739,CCCC[n+]1ccn(C)c1,
CN1C=C[N+](CCO)=C1.[N-]=[N+]=[N-],36,-3,214,,167,,,,,,,,,10.1021/ic8004739,Cn1cc[n+](CCO)c1,
CN1C=C[N+](CC=C)=C1.[N-]=[N+]=[N-],19,77,150,,448,,,,,,,,,10.1021/ic8004739,C=CC[n+]1ccn(C)c1,
CN1C=C[N+](CCC=C)=C1.[N-]=[N+]=[N-],45,-57,188,,423,,,,,,,,,10.1021/ic8004739,C=CCC[n+]1ccn(C)c1,
CN1C=C[N+](CC#CC)=C1.[N-]=[N+]=[N-],66,,115,,598,,,,,,,,,10.1021/ic8004739,CC#CC[n+]1ccn(C)c1,
CN1C=C[N+](CC#CCC)=C1.[N-]=[N+]=[N-],19,-55,107,,582,,,,,,,,,10.1021/ic8004739,CCC#CC[n+]1ccn(C)c1,
CN1C=C[N+](CCCC)=C1.O=[N+](C2=CC=C3C(N=N[N-]3)=C2)[O-],,-41,186,,,,,,,,,,,0.1002/chem.200901418,CCCC[n+]1ccn(C)c1,
CN1C=C[N+](CCCC)=C1.O=[N+](C2=CC=C([N-]C=N3)C3=C2)[O-],,-34,177,,,,,,,,,,,0.1002/chem.200901418,CCCC[n+]1ccn(C)c1,
CN1C=C[N+](CCCC)=C1.O=[N+](C2=C[N-]N=N2)[O-],,-73,219,,,,,,,,,,,0.1002/chem.200901418,CCCC[n+]1ccn(C)c1,
CN1C=C[N+](CCCC)=C1.O=[N+](C2=C[N-]C=N2)[O-],,-63,200,,,,,,,,,,,0.1002/chem.200901418,CCCC[n+]1ccn(C)c1,
CN1C=C[N+](CCCC)=C1.O=[N+](C2=N[N-]C([N+]([O-])=O)=N2)[O-],33,,239,,,,,,,,,,,0.1002/chem.200901418,CCCC[n+]1ccn(C)c1,
CN1C=C[N+](CCCC)=C1.O=[N+](C2=C[N-]C([N+]([O-])=O)=N2)[O-],,-53,254,,,,,,,,,,,0.1002/chem.200901418,CCCC[n+]1ccn(C)c1,
CN1C=C[N+](CCCC)=C1.O=[N+](C2=C([N+]([O-])=O)[N-]C=N2)[O-],,-64,241,,,,,,,,,,,0.1002/chem.200901418,CCCC[n+]1ccn(C)c1,
CN1C=C[N+](CCCC)=C1.N#CC2=C(C#N)[N-]C=N2,,-74,230,,,,,,,,,,,0.1002/chem.200901418,CCCC[n+]1ccn(C)c1,
CN1C=C[N+](CCCC)=C1.N2=C[N-]N=N2,,-82,208,,,,,,,,,,,0.1002/chem.200901418,CCCC[n+]1ccn(C)c1,
CN1C=C([N+]([O-])=O)[N+](C)=C1.O=S(OC)([O-])=O,95,,166,1.629,,,,,,,,,,10.1039/B509260D,Cn1cc([N+](=O)[O-])[n+](C)c1,
CN1C=C([N+]([O-])=O)[N+](C)=C1.O=S([N-]S(=O)(C(F)(F)F)=O)(C(F)(F)F)=O,35,-41,258,,,,,,,,,,,10.1039/B509260D,Cn1cc([N+](=O)[O-])[n+](C)c1,
C[N+]1=CN(CC)C=C1[N+]([O-])=O.FC(F)(S(=O)([O-])=O)F,92,,260,1.678,,,,,,,,,,10.1039/B509260D,CCn1cc([N+](=O)[O-])[n+](C)c1,
C[N+]1=CN(CC)C=C1[N+]([O-])=O.O=S([N-]S(=O)(C(F)(F)F)=O)(C(F)(F)F)=O,,-45,270,,,,,,,,,,,10.1039/B509260D,CCn1cc([N+](=O)[O-])[n+](C)c1,
C[N+]1=C([N+]([O-])=O)N(C)C=C1.O=S([N-]S(=O)(C(F)(F)F)=O)(C(F)(F)F)=O,72,,248,,,,,,,,,,,10.1039/B509260D,Cn1cc[n+](C)c1[N+](=O)[O-],
C[N+]1=CN(C)C(C#N)=C1C#N.O=S([N-]S(=O)(C(F)(F)F)=O)(C(F)(F)F)=O,84,,264,,,,,,,,,,,10.1039/B509260D,Cn1c[n+](C)c(C#N)c1C#N,
CN1C=C[NH+]=C1[N+]([O-])=O.[O-]C2=C([N+]([O-])=O)C=C([N+]([O-])=O)C=C2[N+]([O-])=O,,-25,112,,,,,,,,,,,10.1039/C1NJ20677J,Cn1cc[nH+]c1[N+](=O)[O-],
CN1C=C[NH+]=C1[N+]([O-])=O.[O-][N+]([O-])=O,98,,,,,,,,,,,,,10.1039/C1NJ20677J,Cn1cc[nH+]c1[N+](=O)[O-],
CN1C([N+]([O-])=O)=C[NH+]=C1C.[O-][N+]([O-])=O,88,,123,,,,,,,,,,,10.1039/C1NJ20677J,Cc1[nH+]cc([N+](=O)[O-])n1C,
CCN1C=C[NH+]=C1[N+]([O-])=O.[O-]C2=C([N+]([O-])=O)C=C([N+]([O-])=O)C=C2[N+]([O-])=O,,-33,107,,,,,,,,,,,10.1039/C1NJ20677J,CCn1cc[nH+]c1[N+](=O)[O-],
O=[N+](C1=CN(CC)C=[NH+]1)[O-].[O-]C2=C([N+]([O-])=O)C=C([N+]([O-])=O)C=C2[N+]([O-])=O,,-26,157,,,,,,,,,,,10.1039/C1NJ20677J,CCn1c[nH+]c([N+](=O)[O-])c1,
CCN1C=C[NH+]=C1[N+]([O-])=O.[O-][N+]([O-])=O,,-60,69,,,,,,,,,,,10.1039/C1NJ20677J,CCn1cc[nH+]c1[N+](=O)[O-],
CCN1C=C([N+]([O-])=O)[NH+]=C1.[O-][N+]([O-])=O,,-51,83,,,,,,,,,,,10.1039/C1NJ20677J,CCn1c[nH+]c([N+](=O)[O-])c1,
CC1=[NH+]C([N+]([O-])=O)=CN1CCCC.[O-]C2=C([N+]([O-])=O)C=C([N+]([O-])=O)C=C2[N+]([O-])=O,,-28,188,,,,,,,,,,,10.1039/C1NJ20677J,CCCCn1cc([N+](=O)[O-])[nH+]c1C,
CC1=[NH+]C([N+]([O-])=O)=CN1CCCC.[O-][N+]([O-])=O,67,,102,,,,,,,,,,,10.1039/C1NJ20677J,CCCCn1cc([N+](=O)[O-])[nH+]c1C,
CC1=[NH+]C([N+]([O-])=O)=CN1CCCCC.[O-]C2=C([N+]([O-])=O)C=C([N+]([O-])=O)C=C2[N+]([O-])=O,,-30,176,,,,,,,,,,,10.1039/C1NJ20677J,CCCCCn1cc([N+](=O)[O-])[nH+]c1C,
CC1=[NH+]C([N+]([O-])=O)=CN1CCCCC.[O-][N+]([O-])=O,,-31,104,,,,,,,,,,,10.1039/C1NJ20677J,CCCCCn1cc([N+](=O)[O-])[nH+]c1C,
O=[N+](C1=CN(CCCCCC)C=[NH+]1)[O-].[O-]C2=C([N+]([O-])=O)C=C([N+]([O-])=O)C=C2[N+]([O-])=O,79,-33,175,,,,,,,,,,,10.1039/C1NJ20677J,CCCCCCn1c[nH+]c([N+](=O)[O-])c1,
O=[N+](C1=CN(CCCCCC)C=[NH+]1)[O-].[O-][N+]([O-])=O,11,-63,102,,,,,,,,,,,10.1039/C1NJ20677J,CCCCCCn1c[nH+]c([N+](=O)[O-])c1,
CN1C=C[N+](CN2N=CN=C2)=C1.O=[N+]([C-](C#N)C#N)[O-],89,,274,1.41,,,,,,,,,,10.1021/cm062415a,Cn1cc[n+](Cn2cncn2)c1,
C[N+]1=CN(CN2C=[N+](C)C=C2)N=C1.O=[N+]([C-](C#N)C#N)[O-],95,,220,1.43,385.4,606.3,11.1,,,,,,,10.1021/cm062415a,C[n+]1ccn(Cn2c[n+](C)cn2)c1,
CN1C=C[N+](CCCC)=C1.O=[N+]([CH-][N+]([O-])=O)[O-],,83,164,1.21,,,,,,,,,,10.1021/ic101959r,CCCC[n+]1ccn(C)c1,
CN1C=C[N+](CC=C)=C1.O=[N+]([CH-][N+]([O-])=O)[O-],,-73,162,1.3,,,,,,,,,,10.1021/ic101959r,C=CC[n+]1ccn(C)c1,
C=CC[N+]1=CN(CCCC)C=C1.O=[N+]([CH-][N+]([O-])=O)[O-],,-73,164,1.18,,,,,,,,,,10.1021/ic101959r,C=CC[n+]1ccn(CCCC)c1,
C=CC[N+]1=CN(CC=C)C=C1.O=[N+]([CH-][N+]([O-])=O)[O-],,-79,166,1.23,,,,,,,,,,10.1021/ic101959r,C=CCn1cc[n+](CC=C)c1,
CN1C=C[N+](CCOC)=C1.O=[N+]([CH-][N+]([O-])=O)[O-],,-73,162,1.34,,,,,,,,,,10.1021/ic101959r,COCC[n+]1ccn(C)c1,
CN1C=C[N+](COCC)=C1.O=[N+]([CH-][N+]([O-])=O)[O-],,-62,154,1.38,,,,,,,,,,10.1021/ic101959r,CCOC[n+]1ccn(C)c1,
CN1C=C[N+](CCO)=C1.O=[N+]([CH-][N+]([O-])=O)[O-],,-67,158,1.38,,,,,,,,,,10.1021/ic101959r,Cn1cc[n+](CCO)c1,
CN1C=C[N+](C)=C1.O=[N+]([CH-][N+]([O-])=O)[O-],60,,177,1.45,,,,,,,,,,10.1021/ic101959r,Cn1cc[n+](C)c1,
CN1C=C[N+](C)=C1.NC2=NN=N[N-]2,90,,230,1.23,,,,,,,,,,10.1002/ejic.201200065,Cn1cc[n+](C)c1,
CN1C=C[N+](CC)=C1.NC2=NN=N[N-]2,,-85,262,1.32,,,,,,,,,,10.1002/ejic.201200065,CC[n+]1ccn(C)c1,
CN1C=C[N+](CCCC)=C1.NC2=NN=N[N-]2,,-74,248,1.3,,,,,,,,,,10.1002/ejic.201200065,CCCC[n+]1ccn(C)c1,
CN1C=C[N+](CC(C)C)=C1.NC2=NN=N[N-]2,,-62,260,1.27,,,,,,,,,,10.1002/ejic.201200065,CC(C)C[n+]1ccn(C)c1,
CN1C=C[N+](C(C)CC)=C1.NC2=NN=N[N-]2,,-74,255,1.2,,,,,,,,,,10.1002/ejic.201200065,CCC(C)[n+]1ccn(C)c1,
CN1C=C[N+](CCCCCC)=C1.NC2=NN=N[N-]2,,-72,242,1.2,,,,,,,,,,10.1002/ejic.201200065,CCCCCC[n+]1ccn(C)c1,
CN1C=C[N+](CCCCCCCC)=C1.NC2=NN=N[N-]2,,-65,249,1.03,,,,,,,,,,10.1002/ejic.201200065,CCCCCCCC[n+]1ccn(C)c1,
CN1C=C[N+](C)=C1.C2(NC3=NN=N[N-]3)=NN=NN2,48,,226,1.51,700.1,,,,,,,,,10.1002/ejic.201300631,Cn1cc[n+](C)c1,
CN1C=C[N+](CC)=C1.C2(NC3=NN=NN3)=NN=N[N-]2,,-15,226,1.47,676.9,,,,,,,,,10.1002/ejic.201300631,CC[n+]1ccn(C)c1,
CN1C=C[N+](CCCC)=C1.C2(NC3=NN=NN3)=NN=N[N-]2,,-22,228,1.42,642.7,,,,,,,,,10.1002/ejic.201300631,CCCC[n+]1ccn(C)c1,
CN1C=C[N+](CCCCCC)=C1.C2(NC3=NN=NN3)=NN=N[N-]2,,-20,223,1.37,614.5,,,,,,,,,10.1002/ejic.201300631,CCCCCC[n+]1ccn(C)c1,
CN1C=C[N+](CCCCCCCC)=C1.C2(NC3=NN=NN3)=NN=N[N-]2,,-31,223,1.34,584.6,,,,,,,,,10.1002/ejic.201300631,CCCCCCCC[n+]1ccn(C)c1,
CN1C=C[N+](C)=C1C.C2(NC3=NN=NN3)=NN=N[N-]2,,,225,1.44,655.2,,,,,,,,,10.1002/ejic.201300631,Cc1n(C)cc[n+]1C,
CN1C=C[N+](C)=C1C.C2(NC3=NN=N[N-]3)=NN=N[N-]2,77,,228,1.22,791.9,,,,,,,,,10.1002/ejic.201300631,Cc1n(C)cc[n+]1C,
CN1C=C[N+](C)=C1C.O=[N+](C2=C[N-]C=N2)[O-],78,,182,,,,,,,,,,,10.1039/C3NJ00147D,Cc1n(C)cc[n+]1C,
CN1C=C[N+](C)=C1.O=[N+](C2=C[N-]N=N2)[O-],96,,215,,,,,,,,,,,10.1039/C3NJ00147D,Cn1cc[n+](C)c1,
CN1C=C[N+](C)=C1.O=[N+](C2=C[N-]N=N2)[O-],85,,187,,,,,,,,,,,10.1039/C3NJ00147D,Cn1cc[n+](C)c1,
CN1C=C[N+](C)=C1.NC2=NN=N[N-]2,84,,206,,,,,,,,,,,10.1039/C3NJ00147D,Cn1cc[n+](C)c1,
CN1C=C[N+](C)=C1C.O=[N+](C2=C([N+]([O-])=O)N=C[N-]2)[O-],86,,198,,,,,,,,,,,10.1039/C3NJ00147D,Cc1n(C)cc[n+]1C,
CN1C=C[N+](CCCC)=C1C.O=[N+](C2=C[N-]C=N2)[O-],,-63,200,,,,,,,,,,,10.1039/C3NJ00147D,CCCC[n+]1ccn(C)c1C,
CN1C=C[N+](CCCC)=C1C.O=[N+](C2=C([N+]([O-])=O)[N-]C=N2)[O-],,-64,241,,,,,,,,,,,10.1039/C3NJ00147D,CCCC[n+]1ccn(C)c1C,
CN1C=C[N+](CCCC)=C1C.O=[N+](C2=C[N-]N=N2)[O-],,-73,219,,,,,,,,,,,10.1039/C3NJ00147D,CCCC[n+]1ccn(C)c1C,
NN1C=[NH+]C=N1.O=Cl(=O)([O-])=O,91,,235,1.8,357.01,,,,,,,,,,Nn1c[nH+]cn1,
NN1C=[N+](C)C=N1.[O-][N+]([O-])=O,,-62,217,1.51,-174.68,,,,,,,,,,C[n+]1cnn(N)c1,
N[N+]1=CNN=C1.[O-][N+]([O-])=O,69,,181,1.64,-109.79,,,,,,,,,,N[n+]1cn[nH]c1,
N[N+]1=CNN=C1.O=Cl(=O)([O-])=O,83,,208,,298.43,,,,,,,,,,N[n+]1cn[nH]c1,
CN1C=[N+](N)C=N1.[O-][N+]([O-])=O,,-60,221,1.55,-187.36,,,,,,,,,,Cn1c[n+](N)cn1,
CN1C=[N+](N)C=N1.O=Cl(=O)([O-])=O,86,,259,1.66,215.17,,,,,,,,,,Cn1c[n+](N)cn1,
CN1C=[N+](C)C(N=[N+]=[N-])=N1.O=Cl(=O)([O-])=O,68,,147,,,,,,,,,,,,Cn1c[n+](C)c(N=[N+]=[N-])n1,
CN1C=[N+](C)C(N=[N+]=[N-])=N1.[O-][N+]([O-])=O,98,,129,,,,,,,,,,,,Cn1c[n+](C)c(N=[N+]=[N-])n1,
CN1C=[NH+]C(N=[N+]=[N-])=N1.[O-][N+]([O-])=O,66,,139,1.63,93.35,,,,,,,,,,Cn1c[nH+]c(N=[N+]=[N-])n1,
CN1C=[NH+]C(N=[N+]=[N-])=N1.O=Cl(=O)([O-])=O,55,,147,1.66,5744.73,,,,,,,,,,Cn1c[nH+]c(N=[N+]=[N-])n1,
[N-]=[N+]=NC1=NNC(N=[N+]=[N-])=[NH+]1.[O-][N+]([O-])=O,97,,136,,,,,,,,,,,,[N-]=[N+]=Nc1n[nH]c(N=[N+]=[N-])[nH+]1,
CN1C(N)=[NH+]C=N1.[O-][N+]([O-])=O,,-60,221,,,,,,,,,,,,Cn1nc[nH+]c1N,
CN1C(N)=[NH+]C=N1.O=Cl(=O)([O-])=O,86,,259,,,,,,,,,,,,Cn1nc[nH+]c1N,
CN1C(N)=[N+](C)C=N1.[O-][N+]([O-])=O,1,,160,,,,,,,,,,,,Cn1nc[n+](C)c1N,
CN1C=[N+](C)C=N1.O=Cl(=O)([O-])=O,,-34,97,,,,,,,,,,,,Cn1c[n+](C)cn1,
[N-]=[N+]=NC1=NNC=[NH+]1.O=[N+](C2=C([N+]([O-])=O)[N-]C=N2)[O-],92,,158,1.7,401.85,,,,,,,,,,[N-]=[N+]=Nc1n[nH]c[nH+]1,
CN1C=[NH+]C(N=[N+]=[N-])=N1.O=[N+](C2=C([N+]([O-])=O)[N-]C=N2)[O-],80,,145,1.6,700.69,,,,,,,,,,Cn1c[nH+]c(N=[N+]=[N-])n1,
N[N+]1=CNN=C1.O=[N+](C2=C[N-]N=N2)[O-],64,,198,1.5,141.38,,,,,,,,,,N[n+]1cn[nH]c1,
CN1C=[NH+]C=N1.O=[N+](C2=NN=N[N-]2)[O-],62,,163,1.52,808.42,,,,,,,,,,Cn1c[nH+]cn1,
[N-]=[N+]=NC1=NNC=[NH+]1.O=[N+](C2=NN=N[N-]2)[O-],,-35,161,1.53,965.2,,,,,,,,,,[N-]=[N+]=Nc1n[nH]c[nH+]1,
CN1C=[NH+]C(N=[N+]=[N-])=N1.O=[N+](C2=NN=N[N-]2)[O-],,-38,141,1.45,1070.68,,,,,,,,,,Cn1c[nH+]c(N=[N+]=[N-])n1,
[N-]=[N+]=NC1=NN(CCC)C=[NH+]1.O=[N+](C2=NN=N[N-]2)[O-],,-45,153,1.4,646.84,,,,,,,,,,CCCn1c[nH+]c(N=[N+]=[N-])n1,
CN1C=[N+](C)C=N1.O=[N+](C2=N[N-]C([N+]([O-])=O)=N2)[O-],97,,239,1.86,118.1,,,,,,,,,,Cn1c[n+](C)cn1,
C[N+]1=CN(CCC)N=C1.O=[N+](C2=N[N-]C([N+]([O-])=O)=N2)[O-],6,,231,1.51,198.7,,,,,,,,,,CCCn1c[n+](C)cn1,
C[N+]1=CN(CCN=[N+]=[N-])N=C1.O=[N+](C2=N[N-]C([N+]([O-])=O)=N2)[O-],88,,189,1.61,395.2,,,,,,,,,,C[n+]1cnn(CCN=[N+]=[N-])c1,
CC1C=[N+](CCN=[N+]=[N-])C=N1.O=[N+](C2=N[N-]C([N+]([O-])=O)=N2)[O-],,-43,179,1.71,771.3,,,,,,,,,,CC1C=[N+](CCN=[N+]=[N-])C=N1,
C[N+]1=CC(C)N=C1N=[N+]=[N-].O=[N+](C2=N[N-]C([N+]([O-])=O)=N2)[O-],,-22,118,1.6,778.1,,,,,,,,,,CC1C=[N+](C)C(N=[N+]=[N-])=N1,
C[N+]1=CN(CCN=[N+]=[N-])N=C1.[O-][N+]([O-])=O,,-57,119,1.49,66.3,,,,,,,,,,C[n+]1cnn(CCN=[N+]=[N-])c1,
C[N+]1=CN(CCN=[N+]=[N-])N=C1.O=Cl(=O)([O-])=O,,-52,192,1.6,568,,,,,,,,,,C[n+]1cnn(CCN=[N+]=[N-])c1,
CN1C=[N+](CCN=[N+]=[N-])C=N1.[O-][N+]([O-])=O,,-56,143,1.45,77.7,,,,,,,,,,Cn1c[n+](CCN=[N+]=[N-])cn1,
CN1C=[N+](CCN=[N+]=[N-])C=N1.O=Cl(=O)([O-])=O,63,,152,1.59,541.1,,,,,,,,,,Cn1c[n+](CCN=[N+]=[N-])cn1,
[N-]=[N+]=NCCN1C=[NH+]C=N1.[O-][N+]([O-])=O,99,,170,1.6,27.2,,,,,,,,,,[N-]=[N+]=NCCn1c[nH+]cn1,
[N-]=[N+]=NCCN1C=[NH+]C=N1.O=Cl(=O)([O-])=O,,-56,150,1.61,426.2,,,,,,,,,,[N-]=[N+]=NCCn1c[nH+]cn1,
[N-]=[N+]=NCCN1C=[NH+]C=N1.O=[N+](C2=C([N+]([O-])=O)[N-]C=N2)[O-],85,,140,1.62,380.2,,,,,,,,,,[N-]=[N+]=NCCn1c[nH+]cn1,
[N-]=[N+]=NCCN1C=[NH+]C=N1.O=[N+](C2=NN=N[N-]2)[O-],,-42,164,1.51,676,,,,,,,,,,[N-]=[N+]=NCCn1c[nH+]cn1,
[N-]=[N+]=NCCN1C=[NH+]C(N=[N+]=[N-])=N1.[O-][N+]([O-])=O,,-54,142,1.58,437.2,,,,,,,,,,[N-]=[N+]=NCCn1c[nH+]c(N=[N+]=[N-])n1,
[N-]=[N+]=NCCN1C=[NH+]C(N=[N+]=[N-])=N1.O=[N+](C2=NN=N[N-]2)[O-],,-46,141,1.52,1138.7,,,,,,,,,,[N-]=[N+]=NCCn1c[nH+]c(N=[N+]=[N-])n1,
N[N+]1=CN(CCN=[N+]=[N-])N=C1.[O-][N+]([O-])=O,70,,153,1.57,321.1,,,,,,,,,,[N-]=[N+]=NCCn1c[n+](N)cn1,
N[N+]1=CN(CCN=[N+]=[N-])N=C1.O=Cl(=O)([O-])=O,,-46,218,1.63,828.4,,,,,,,,,,[N-]=[N+]=NCCn1c[n+](N)cn1,
NN1C=[NH+]C=N1.O=C2NN=C([N+]([O-])=O)[N-]2,71,,188,1.67,498.8,7973,24.8,,,,,,,,Nn1c[nH+]cn1,
CCCN1C=[NH+]C=N1.O=[N+](/N=C2NN=N[N-]\2)[O-],69,,122,1.48,,,,,,,,,,,CCCn1c[nH+]cn1,
CN1C=[NH+]C(N=[N+]=[N-])=N1.O=[N+](/N=C2NN=N[N-]\2)[O-],89,,135,1.68,694.2,8230,25.9,,,,,,,,Cn1c[nH+]c(N=[N+]=[N-])n1,
CN1C=[N+](N)C=N1.O=[N+]([C-](C#N)C#N)[O-],,59,238,1.46,440.4,,,,,,,,,,Cn1c[n+](N)cn1,
CN1C=[N+](N)C=N1.N#C[C-]([N+]([O-])=O)[N+]([O-])=O,,-54,221,1.56,283.7,,,,,,,,,,Cn1c[n+](N)cn1,
CN1C=[N+](C)C=N1.O=[N+]([C-](C#N)C#N)[O-],61,,237,1.39,307.3,,,,,,,,,,Cn1c[n+](C)cn1,
CN1C=[N+](C)C=N1.N#C[C-]([N+]([O-])=O)[N+]([O-])=O,89,,206,1.49,150.1,,,,,,,,,,Cn1c[n+](C)cn1,
CN1C=[N+](C=N1)CC#N.N#C[N-]C#N,66,,115,1.35,605,6210,11.6,,,,,,,,Cn1c[n+](CC#N)cn1,
CN1C=[N+](C=N1)CC#N.O=[N+]([N-][N+]([O-])=O)[O-],,-45,143,1.55,336,7510,21.53,,,,,,,,Cn1c[n+](CC#N)cn1,
N#CC[N+]1=CN(N=C1)CC#N.O=[N+]([N-][N+]([O-])=O)[O-],,-22,141,1.57,526,7440,21.38,,,,,,,,N#CCn1c[n+](CC#N)cn1,
N#CC[N+]1=CN(CC#N)N=C1.[O-][N+]([O-])=O,93,,158,1.61,267,,,,,,,,,,N#CCn1c[n+](CC#N)cn1,
N#CC[N+]1=CN(CC#N)N=C1.O=Cl(=O)([O-])=O,,-23,193,1.76,310,,,,,,,,,,N#CCn1c[n+](CC#N)cn1,
N#C[N-]C#N.NN1C=[N+](N=C1)CC#N,66,,105,1.43,707,6880,14.83,,,,,,,,N#CC[n+]1cn(N)cn1,
O=[N+]([N-][N+]([O-])=O)[O-].NN1C=[N+](N=C1)CC#N,,-41,180,1.64,438,7850,24.82,,,,,,,,N#CC[n+]1cn(N)cn1,
C#CC[N+]1=CN(C)N=C1.[O-][N+]([O-])=O,74,,176,1.42,205,,,,,,,,,,C#CC[n+]1cnn(C)c1,
C#CC[N+]1=CN(C)N=C1.O=Cl(=O)([O-])=O,98,,236,1.57,246,,,,,,,,,,C#CC[n+]1cnn(C)c1,
C#CC[N+]1=CN(N=C1)C.N#C[N-]C#N,,-54,119,1.28,642,5890,10.05,,,,,,,,C#CC[n+]1cnn(C)c1,
C#CC[N+]1=CN(N=C1)C.O=[N+]([N-][N+]([O-])=O)[O-],,-59,121,1.48,372,7160,18.72,,,,,,,,C#CC[n+]1cnn(C)c1,
C#CCN1C=[N+](C=N1)CC#N.N#C[N-]C#N,,-23,101,1.32,851,5900,10.16,,,,,,,,C#CCn1c[n+](CC#N)cn1,
C#CCN1C=[N+](C=N1)CC#N.O=[N+]([N-][N+]([O-])=O)[O-],,-31,136,1.5,581,7130,18.87,,,,,,,,C#CCn1c[n+](CC#N)cn1,
NN1C=C[N+](C)=N1.[O-][N+]([O-])=O,87,,185,,,,,,,,,,,,C[n+]1ccn(N)n1,
NN1C=C[N+](CC)=N1.[O-][N+]([O-])=O,31,,165,,,,,,,,,,,,CC[n+]1ccn(N)n1,
NN1C=C[N+](CCC)=N1.[O-][N+]([O-])=O,34,,165,,,,,,,,,,,,CCC[n+]1ccn(N)n1,
NN1C=C[N+](CC#C)=N1.[O-][N+]([O-])=O,9.5,,135,,,,,,,,,,,,C#CC[n+]1ccn(N)n1,
NN1C=C[N+](CCCC)=N1.[O-][N+]([O-])=O,49,,175,,,,,,,,,,,,CCCC[n+]1ccn(N)n1,
NN1C=C[NH+]=N1.[O-][N+]([O-])=O,98.6,,177.7,1.75,119.3,8366,30.5,,,,,,,,Nn1cc[nH+]n1,
NN1C=C[NH+]=N1.O=[N+](C2=NN=N[N-]2)[O-],98.8,,200.8,1.69,577.1,7948,27,,,,,,,,Nn1cc[nH+]n1,
NN1C=C[N+](C)=N1.[O-][N+]([O-])=O,87,,241.8,1.59,116.4,7596,23.7,,,,,,,,C[n+]1ccn(N)n1,
NN1C=C[N+](C)=N1.O=[N+](C2=NN=N[N-]2)[O-],92.6,,224.3,1.59,574,7509,23.1,,,,,,,,C[n+]1ccn(N)n1,
NN1C=C[N+](C)=N1.O=[N+](/N=C2NN=N[N-]\2)[O-],89.6,,197,1.57,1056.8,7524,23,,,,,,,,C[n+]1ccn(N)n1,
NN1C=C[N+](C)=N1.O=[N+]([C-]([N+]([O-])=O)[N+]([O-])=O)[O-],82.2,,176.5,1.7,234.1,8320,29.7,,,,,,,,C[n+]1ccn(N)n1,
[N-]=[N+]=[N-].C[N+]1=NN(C=N1)N,43,,129,,136,,,,,,,,,,C[n+]1ncn(N)n1,
[N-]=[N+]=[N-].C[N+]1=NN(C=N1)N,50,,156,,149,,,,,,,,,,C[n+]1ncn(N)n1,
[N-]=[N+]=[N-].NN1C=[N+](N=C1)CCO,,-50,129,,93,,,,,,,,,,Nn1cn[n+](CCO)c1,
NN1C=[N+](N=C1)CC=C.[N-]=[N+]=[N-],,-57,109,,161,,,,,,,,,,C=CC[n+]1cn(N)cn1,
NN1N=[N+](C=C1)CC=C.[N-]=[N+]=[N-],,-62,114,,173,,,,,,,,,,C=CC[n+]1ccn(N)n1,
NN1C=[N+](N=C1)CCC.[N-]=[N+]=[N-],,,106,,223,,,,,,,,,,CCC[n+]1cn(N)cn1,
C[N+]1=CN(N)N=C1.N2([BH-](N3C=NC=N3)N4C=NC=N4)C=NC=N2,,-18.6,158.5,1.39,,,,,,,,,,,C[n+]1cnn(N)c1,
C[N+]1=CN(N)N=C1.N2([BH2-]N3C=NC=N3)C=NC=N2,,-35.3,107.4,1.23,,,,,,,,,,,C[n+]1cnn(N)c1,
N[N+]1=CNN=C1.O=[N+](O[La-3](O[N+]([O-])=O)(O[N+]([O-])=O)(O[N+]([O-])=O)(O[N+]([O-])=O)O[N+]([O-])=O)[O-],,,211,1.87,-1425.9,,,,,,,,,,N[n+]1cn[nH]c1,
N[N+]1=CNN=C1.O=[N+](O[Ce-3](O[N+]([O-])=O)(O[N+]([O-])=O)(O[N+]([O-])=O)(O[N+]([O-])=O)O[N+]([O-])=O)[O-],76,,212,1.88,-1415.4,,,,,,,,,,N[n+]1cn[nH]c1,
N[N+]1=CNN=C1.O=[N+](O[La-3](O[N+]([O-])=O)(O[N+]([O-])=O)(O[N+]([O-])=O)(O[N+]([O-])=O)O[N+]([O-])=O)[O-],,-24,231,1.76,-1487.6,,,,,,,,,,N[n+]1cn[nH]c1,
N[N+]1=CN(C)N=C1.O=[N+](O[Ce-3](O[N+]([O-])=O)(O[N+]([O-])=O)(O[N+]([O-])=O)(O[N+]([O-])=O)O[N+]([O-])=O)[O-],,-28,227,1.77,-1477.2,,,,,,,,,,Cn1c[n+](N)cn1,
N[N+]1=CN(C)N=C1.O=[N+](O[La-3](O[N+]([O-])=O)(O[N+]([O-])=O)(O[N+]([O-])=O)(O[N+]([O-])=O)O[N+]([O-])=O)[O-],,-32,232,1.67,-1541.2,,,,,,,,,,Cn1c[n+](N)cn1,
N[N+]1=CN(CC)N=C1.O=[N+](O[Ce-3](O[N+]([O-])=O)(O[N+]([O-])=O)(O[N+]([O-])=O)(O[N+]([O-])=O)O[N+]([O-])=O)[O-],,-33,228,1.67,-1527.4,,,,,,,,,,CCn1c[n+](N)cn1,
N[N+]1=CN(CCCC)N=C1.O=[N+](O[La-3](O[N+]([O-])=O)(O[N+]([O-])=O)(O[N+]([O-])=O)(O[N+]([O-])=O)O[N+]([O-])=O)[O-],,-33,229,1.59,-1595.8,,,,,,,,,,CCCCn1c[n+](N)cn1,
N[N+]1=CN(CCCC)N=C1.O=[N+](O[Ce-3](O[N+]([O-])=O)(O[N+]([O-])=O)(O[N+]([O-])=O)(O[N+]([O-])=O)O[N+]([O-])=O)[O-],,-37,230,1.6,-1595.7,,,,,,,,,,CCCCn1c[n+](N)cn1,
CC1=[N+](C)N=NN1N.[O-][N+]([O-])=O,,-59,170,1.5,129.52,,,,,,,,,10.1021/ic048890x,Cc1n(N)nn[n+]1C,
CC1=[N+](C)N=NN1N.O=Cl(=O)([O-])=O,51,,182,,538.53,,,,,,,,,10.1021/ic048890x,Cc1n(N)nn[n+]1C,
CC1=[N+](C)N=NN1N.O=[N+]([N-][N+]([O-])=O)[O-],85,,150,,,,,,24,,,,,10.1002/chem.200800828,Cc1n(N)nn[n+]1C,
NC1=[NH+]N=NN1.O=[N+]([N-][N+]([O-])=O)[O-],85,,117,1.856,329,9429,38.4,2,20,,,,,10.1039/B811767E,Nc1[nH]nn[nH+]1,
O=[N+]([N-][N+]([O-])=O)[O-].N1=N[NH+]=CN1,70,,110,1.824,367,9215,36.5,2,28,,,,,10.1039/B811767E,c1[nH]nn[nH+]1,
NC1=NN(C)N=[N+]=1.O=[N+]([N-][N+]([O-])=O)[O-],90,,145,1.659,296,8548,29,5,64,,,,,10.1039/B811767E,N.C.1.=.N.N.(.C.).N.=.[.N.+.].=.1...O.=.[.N.+.].(.[.N.-.].[.N.+.].(.[.O.-.].).=.O.).[.O.-.],
CC1=[N+](C)N=NN1C.C2([BH-](C3C=NC=N3)C4C=NC=N4)C=NC=N2,11.8,,81.7,1.24,,,,,,,,,,10.1021/om061113f,Cc1n(C)nn[n+]1C,
NC1=[NH+]N=NN1N.O=[N+](O[La-3](O[N+]([O-])=O)(O[N+]([O-])=O)(O[N+]([O-])=O)(O[N+]([O-])=O)O[N+]([O-])=O)[O-],,,187,2,-1108.1,,,,,,,,,10.1039/B811767E,Nc1[nH+]nnn1N,
NC1=[NH+]N=NN1N.O=[N+](O[Ce-3](O[N+]([O-])=O)(O[N+]([O-])=O)(O[N+]([O-])=O)(O[N+]([O-])=O)O[N+]([O-])=O)[O-],,,188,2.02,-1100.5,,,,,,,,,10.1039/B811767E,Nc1[nH+]nnn1N,
NC1=[N+](C)N=NN1N.O=[N+](O[La-3](O[N+]([O-])=O)(O[N+]([O-])=O)(O[N+]([O-])=O)(O[N+]([O-])=O)O[N+]([O-])=O)[O-],88,,185,2.06,-1226,,,,,,,,,10.1039/B811767E,C[n+]1nnn(N)c1N,
NC1=[N+](C)N=NN1N.O=[N+](O[Ce-3](O[N+]([O-])=O)(O[N+]([O-])=O)(O[N+]([O-])=O)(O[N+]([O-])=O)O[N+]([O-])=O)[O-],90,,187,2.08,-1218.3,,,,,,,,,10.1039/B811767E,C[n+]1nnn(N)c1N,
CN1CCN(C)/C1=[N+](C)\CCCC.[O-][N+]([O-])=O,7,,246,1.23,-490,,,,,,,,,118,CCCC[N+](C)=C1N(C)CCN1C,
CN1CCN(C)/C1=[N+](C)\CCC.[O-][N+]([O-])=O,31,,272,1.22,267,,,,,,,,,,CCC[N+](C)=C1N(C)CCN1C,
CN1CCN(C)/C1=[N+](C)\CCCC.O=Cl(=O)([O-])=O,28,,303,1.32,-1,,,,,,,,,,CCCC[N+](C)=C1N(C)CCN1C,
CN1CCN(C)/C1=[N+](C)\CCC.O=Cl(=O)([O-])=O,39,,325,1.34,42,,,,,,,,,,CCC[N+](C)=C1N(C)CCN1C,
CN1CCN(C)/C1=[N+]([H])\CCC.[O-][N+]([O-])=O,,<-78,128,1.24,-1481,,,,,,,,,,CCC[NH+]=C1N(C)CCN1C,
CN1CCN(C)/C1=[N+]([H])\C.[O-][N+]([O-])=O,3,,130,1.34,-1914,,,,,,,,,,C[NH+]=C1N(C)CCN1C,
CN1CCN(C)/C1=[N+]([H])\CCC.O=Cl(=O)([O-])=O,6,,271,1.32,225,,,,,,,,,,CCC[NH+]=C1N(C)CCN1C,
[O-][N+]([O-])=O.CN1CCCN(C)/C1=[N+](CCCC)/C,6,,292,1.31,-1395,,,,,,,,,,CCCC[N+](C)=C1N(C)CCCN1C,
[O-][N+]([O-])=O.CN1CCCN(C)/C1=[N+](CCC)/C,57,,308,1.21,-245,,,,,,,,,,CCC[N+](C)=C1N(C)CCCN1C,
O=Cl(=O)([O-])=O.CN1CCCN(C)/C1=[N+](CCCC)/C,78,,276,1.29,284,,,,,,,,,,CCCC[N+](C)=C1N(C)CCCN1C,
CN1CCCN(C)/C1=[N+](CCC)/[H].[O-][N+]([O-])=O,,<-78,127,1.24,-2018,,,,,,,,,,CCC[NH+]=C1N(C)CCCN1C,
O=Cl(=O)([O-])=O.CN1CCCN(C)/C1=[N+](CCC)/[H],,-70,265,1.35,120,,,,,,,,,,CCC[NH+]=C1N(C)CCCN1C,
CN1COCN(C)/C1=[N+](CCC)/[H].[O-][N+]([O-])=O,65,,238,1.26,704,,,,,,,,,,CCC[NH+]=C1N(C)COCN1C,
O=Cl(=O)([O-])=O.CN1COCN(C)/C1=[N+](CCC)/[H],94,,244,1.37,-70,,,,,,,,,,CCC[NH+]=C1N(C)COCN1C,
CN1N=CN(C)/C1=[N+](C)\CCCC.[O-][N+]([O-])=O,,-69,211,1.26,85,,,,,,,,,,CCCC/[N+](C)=c1\n(C)cnn1C,
CN1N=CN(C)/C1=[N+](C)\C.[O-][N+]([O-])=O,74,,229,1.36,-80,,,,,,,,,,Cn1cnn(C)c1=[N+](C)C,
CN1N=CN(C)/C1=[N+](C)\CCCC.O=Cl(=O)([O-])=O,,-59,284,1.37,181,,,,,,,,,,CCCC/[N+](C)=c1\n(C)cnn1C,
CN(C)/C(N(C)C)=[N+](C)/CCCC.[O-][N+]([O-])=O,72,,314,1.17,-209,,,,,,,,,118,CCCC[N+](C)=C(N(C)C)N(C)C,
[O-][N+]([O-])=O.C[N+](C)(N)CC#N,59,,204,1.543,31,7907,22.8,>40,>360,,,,,10.1002/asia.201100994,C[N+](C)(N)CC#N,
O=Cl(=O)([O-])=O.C[N+](C)(N)CC#N,47,,219,1.666,94,7940,25.5,<35,<300,,,,,10.1002/asia.201100994,C[N+](C)(N)CC#N,
C[N+](N)(C)CC#N.[N-]=[N+]=[N-],41,,175,1.421,370,7410,18.4,>40,<320,,,,,10.1002/asia.201100994,C[N+](C)(N)CC#N,
C[N+](C)(N)CC#N.NC1=NN=N[N-]1,,<0,169,1.551,370,7615,20.2,>40,>360,,,,,10.1002/asia.201100994,C[N+](C)(N)CC#N,
C[N+](C)(N)CCl.[O-][N+]([O-])=O,-9.7,,161,1.474,87,7395,19,>40,>360,,,,,?10.1039/C2RA00968D,C[N+](C)(N)CCl,
C[N+](C)(N)CCl.O=Cl(=O)([O-])=O,52,,180,1.694,316,8160,27.9,>40,>360,,,,,?10.1039/C2RA00968D,C[N+](C)(N)CCl,
C[N+](C)(N)CCl.[N-]=[N+]=[N-],17.2,,147,1.418,343,7120,18.7,>40,>360,,,,,?10.1039/C2RA00968D,C[N+](C)(N)CCl,
C[N+](C)(N)CCl.N#C[N-]C#N,,,188,1.308,349,6518,14.5,>40,>360,,,,,?10.1039/C2RA00968D,C[N+](C)(N)CCl,
C[N+](C)(N)CCl.C1(N=NC2=NN=N[N-]2)=NN=N[N-]1,,,172,1.521,1077,7926,24,>40,>360,,,,,?10.1039/C2RA00968D,C[N+](C)(N)CCl,
C[N+](C)(N)CCl.[O-]C1=C([N+]([O-])=O)C=C([N+]([O-])=O)C=C1[N+]([O-])=O,77,,208,1.644,57,7278,20.3,>40,>360,,,,,?10.1039/C2RA00968D,C[N+](C)(N)CCl,
C[N+](C)(N)CCl.NC1=NN=N[N-]1,64,,165,1.521,426,7250,18.9,>40,>360,,,,,?10.1039/C2RA00968D,C[N+](C)(N)CCl,
C[N+](C)(N)C.[O-][N+]([O-])=O,,<0,258,1.437,-96,7905,21.8,>50,>360,,,,,10.1002/asia.201200437,C[N+](C)(C)N,
C[N+](C)(N)C.O=Cl(=O)([O-])=O,,<0,322,1.589,-39,7912,24.6,<40,>360,,,,,10.1002/asia.201200437,C[N+](C)(C)N,
C[N+](C)(N)C.NC1=NN=N[N-]1,,<0,250,1.439,247,7468,18.1,>50,>360,,,,,10.1002/asia.201200437,C[N+](C)(C)N,
C[N+](N)(C)C.O=[N+]([N-][N+]([O-])=O)[O-],,<0,155,1.497,-73,7947,22.8,<12,<30,,,,,10.1002/asia.201200437,C[N+](C)(C)N,
C[N+](C)(N)C.O=[N+](C1=NN=N[N-]1)[O-],,<0,175,1.479,212,7595,20.1,<2,<48,,,,,10.1002/asia.201200437,C[N+](C)(C)N,
C[N+](C)(N)C.O=[N+]([C-]([N+]([O-])=O)[N+]([O-])=O)[O-],,<0,137,1.603,-96,8176,26,<10,<20,,,,,10.1002/asia.201200437,C[N+](C)(C)N,
[O-][N+]([O-])=O.CN(/N=N/[N+](C)=C\N)C,,,164,1.449,74,7598,20.08,>30,>300,,,,,124,CN(C)/N=N/[N+](C)=C\N,
O=Cl(=O)([O-])=O.CN(/N=N/[N+](C)=C\N)C,,,195,1.543,125,7651,22.24,>15,>150,,,,,,CN(C)/N=N/[N+](C)=C\N,
CN(/N=N/[N+](C)=C\N)C.C1(/N=N/C2=NN=N[N-]2)=NN=N[N-]1,,,163,1.5,604,7258,16.93,>25,>360,,,,,,CN(C)/N=N/[N+](C)=C\N,
CN(C)/N=N/[N+](C)=C\N.[N-]=[N+]=[N-],,,189,1.373,572,7577,19.11,>30,>200,,,,,,CN(C)/N=N/[N+](C)=C\N,
CN1C=C[N+](CC=C)=C1.N#C[N-]C#N,,-85,207,,,,,,,,43,,,,C=CC[n+]1ccn(C)c1,
CN1C=C[N+](CCC=C)=C1.N#C[N-]C#N,,-90,210,,,,,,,,,,,,C=CCC[n+]1ccn(C)c1,
CN1C=C[N+](CC#C)=C1.N#C[N-]C#N,17,-61,144,,,,,,,,15,,,,C#CC[n+]1ccn(C)c1,
CN1C=C[N+](CCC#C)=C1.N#C[N-]C#N,,49,179,,,,,,,,,,,,C#CCC[n+]1ccn(C)c1,
CN1C=C[N+](CCCC#C)=C1.N#C[N-]C#N,,59,184,,,,,,,,,,,,C#CCCC[n+]1ccn(C)c1,
NN1C=N[N+](C)=C1.N#C[N-]C#N,,-66,143,,,,,,,,31,,,,C[n+]1cn(N)cn1,
CC[N+]1=CN(C)C=C1.CN(C#N)[N+]([O-])=O,,-73,253,1.18,157.7,,,,,,78,,,,CC[n+]1ccn(C)c1,
CN1C=C[N+](CCCC)=C1.CN(C#N)[N+]([O-])=O,,-90,256,1.13,128.5,,,,,,81,,,,CCCC[n+]1ccn(C)c1,
CN1C=C[N+](CC=C)=C1.CN(C#N)[N+]([O-])=O,,-91,220,1.11,274.7,,,,,,46,,,,C=CC[n+]1ccn(C)c1,
CN1C=C[N+](CCCOC)=C1.CN(C#N)[N+]([O-])=O,,-82,266,1.21,44.3,,,,,,65,,,,COCCC[n+]1ccn(C)c1,
CN1C=C[N+](CC#N)=C1.CN(C#N)[N+]([O-])=O,,83,203,1.47,368.9,,,,,,,,,,Cn1cc[n+](CC#N)c1,
CN(C#N)[N+]([O-])=O.NC(NN)=[NH2+],,91,223,1.53,138.2,,,,,,,,,,NNC(N)=[NH2+],
CN(C#N)[N+]([O-])=O.[NH2+]=C(NN)NN,,74,209,1.59,322.8,,,,,,,,,,NNC(=[NH2+])NN,
CN(C#N)[N+]([O-])=O.C[N+]1=C(N)N(N)N=N1,19,-47,188,1.58,409.2,,,,,,,,,,C[n+]1nnn(N)c1N,
C[N+](C)(C)CCN=[N+]=[N-].CN(C#N)[N+]([O-])=O,,,245,1.24,380,,,,,,8,,,,C[N+](C)(C)CCN=[N+]=[N-],
C[N+](C)(CCN=[N+]=[N-])C.N#C[N-]C#N,,,235,1.15,518,,,,,,20,,,,C[N+](C)(C)CCN=[N+]=[N-],
C[N+](C)(CCN=[N+]=[N-])CCN=[N+]=[N-].CN(C#N)[N+]([O-])=O,,,222,1.32,752,,,,,,226,,,,C[N+](C)(CCN=[N+]=[N-])CCN=[N+]=[N-],
C[N+](C)(CCN=[N+]=[N-])CCN=[N+]=[N-].N#C[N-]C#N,,,222,1.21,894,,,,,,16,,,,C[N+](C)(CCN=[N+]=[N-])CCN=[N+]=[N-],
C[N+](C)(C)CCN=[N+]=[N-].CN([N+]([O-])=O)[N+]([O-])=O,,,219,1.36,251,,,,,,,,,,C[N+](C)(C)CCN=[N+]=[N-],
C[N+](C)(C)CCN=[N+]=[N-].[N-]=[N+]=[N-],,,139,1.22,578,,,,,,,,,,C[N+](C)(C)CCN=[N+]=[N-],
CC[NH+](CC)CC.C[N+](C)(C)CCN=[N+]=[N-].[N-]=[N+]=[N-],,,,1.01,457,,,,,,,,,,CC[NH+](CC)CC.C[N+](C)(C)CCN=[N+]=[N-],
CC(C)[NH+](C)C.[N-]=[N+]=[N-],,,,0.99,430,,,,,,,,,,CC(C)[NH+](C)C,
C/[N+](C)=C(\C(N(C)C)=[N+](C)\C)N(C)C.[N-]=[N+]=[N-].[N-]=[N+]=[N-],,,188,1.24,418,,,,,,,,,,CN(C)C(C(N(C)C)=[N+](C)C)=[N+](C)C,
CN(C#N)[N+]([O-])=O.N[N+](N)(C)C,,-0.19,145.7,1.26,668,,,,,,16,,,,C[N+](C)(N)N,
N[N+](N)(C)C.N#C[N-]C#N,,10.7,134.2,1.15,804,,,,,,22,,,,C[N+](C)(N)N,
N[N+](N)(C)C.CC([N+]([O-])=O)(C#N)[N+]([O-])=O,,,134.2,1.48,578,,,,,,,,,,C[N+](C)(N)N,
N[N+](N)(C)C.CC(C#N)(C#N)[N+]([O-])=O,,47.8,142.5,1.35,737,,,,,,,,,,C[N+](C)(N)N,
N[N+](N)(C)C.CC(C#N)(C#N)C#N,,74.4,153.3,1.2,905,,,,,,,,,,C[N+](C)(N)N,
N[N+](N)(C)C.[O-][N+]([O-])=O,,99,145.6,1.47,344,,,,,,,,,,C[N+](C)(N)N,
C[N+](N)(C)C.N#C[N-]C#N,,60.5,253.5,1.1,258.34,,,,,,58,,,,C[N+](C)(C)N,
C[N+](N)(CC)C.N#C[N-]C#N,,30.9,267.1,1.06,243.66,,,,,,22,,,,CC[N+](C)(C)N,
C[N+](N)(CCCCC)C.N#C[N-]C#N,,20.4,263.3,1.01,232.73,,,,,,46,,,,CCCCC[N+](C)(C)N,
C[N+](N)(CC=C)C.N#C[N-]C#N,,,199.2,1.05,453.14,,,,,,24,,,,C=CC[N+](C)(C)N,
C[N+](N)(CC#C)C.N#C[N-]C#N,,,174.3,1.13,411.22,,,,,,30,,,,C#CC[N+](C)(C)N,
C[N+](N)(CCO)C.N#C[N-]C#N,,,236,1.15,109.57,,,,,,40,,,,C[N+](C)(N)CCO,
C[N+](N)(CC#N)C.N#C[N-]C#N,,,144.8,1.17,470.29,,,,,,1286,,,,C[N+](C)(N)CC#N,
N[N+](C)(C)C.O=[N+]([N-]C#N)[O-],,35.2,292.4,1.24,119.26,,,,,,126,,,,C[N+](C)(C)N,
N[N+](C)(CC)C.CN(C#N)[N+]([O-])=O,,25.4,296.9,1.17,105.11,,,,,,198,,,,CC[N+](C)(C)N,
[NH3+][N+](CCCCC)(C)C.O=[N+]([N-]C#N)[O-],,9,285.5,1.11,93.49,,,,,,228,,,,CCCCC[N+](C)(C)[NH3+],
[NH3+][N+](CC=C)(C)C.O=[N+]([N-]C#N)[O-],,,208.2,1.16,314.5,,,,,,130,,,,C=CC[N+](C)(C)[NH3+],
N[N+](C)(CC#C)C.O=[N+]([N-]C#N)[O-],,,189.3,1.21,318.56,,,,,,134,,,,C#CC[N+](C)(C)N,
C[N+](N)(CCO)C.O=[N+]([N-]C#N)[O-],,,269.1,1.26,-28.68,,,,,,247,,,,C[N+](C)(N)CCO,
N[N+](C)(CCO)C.O=[N+]([N-]C#N)[O-],,,193.5,1.28,333.24,,,,,,1642,,,,C[N+](C)(N)CCO,
CN1C=C[N+](CCCC)=C1.N#C[BH2-]C#N,,<-80,307,0.96,,,,,,,28,,,,CCCC[n+]1ccn(C)c1,
C[N+](N)(CCCC)C.N#C[BH2-]C#N,,<-80,222,0.91,,,,,,,6,,,,CCCC[N+](C)(C)N,
C[N+](N)(CC=C)C.N#C[BH2-]C#N,,<-80,189,0.93,,,,,,,4,,,,C=CC[N+](C)(C)N,
CN1C=C[N+](CC=C)=C1.N#C[BH2-]C#N,,<-80,266,0.99,,,,,,,8,,,,C=CC[n+]1ccn(C)c1,
CCCC[N+]1=CC=CC=C1.N#C[BH2-]C#N,,<-80,252,0.96,,,,,,,18,,,,CCCC[n+]1ccccc1,
C=CC[N+]1=CC=CC=C1.N#C[BH2-]C#N,,<-80,203,1,,,,,,,6,,,,C=CC[n+]1ccccc1,
C[N+]1(CCCC)CCCC1.N#C[BH2-]C#N,,<-80,303,0.92,,,,,,,26,,,,CCCC[N+]1(C)CCCC1,
C[N+]1(CC=C)CCCC1.N#C[BH2-]C#N,,<-80,259,0.94,,,,,,,8,,,,C=CC[N+]1(C)CCCC1,
CN1N=C[N+](CCCC)=C1.N#C[BH2-]C#N,,<-80,220,0.99,,,,,,,32,,,,CCCC[n+]1cnn(C)c1,
CN1N=C[N+](CC=C)=C1.N#C[BH2-]C#N,,<-80,217,1.03,,,,,,,6,,,,C=CC[n+]1cnn(C)c1,
CN1N=C[N+](CC=C)=C1.[BH4-],,<-60,93.3,0.9,117.8,,,,,,2,,,,C=CC[n+]1cnn(C)c1,
CN1N=C[N+](CCCC)=C1.[BH4-],,<-60,99.9,0.91,38.9,,,,,,38,,,,CCCC[n+]1cnn(C)c1,
C[N+](CC=C)(N)C.[BH3-]C#N,,-80,181,0.93,154.9,,,,,,42,,,,C=CC[N+](C)(C)N,
C[N+](CC)(N)C.[BH3-]C#N,,-17,205,0.92,40.2,,,,,,103,,,,CC[N+](C)(C)N,
C[N+](CCCC)(N)C.[BH3-]C#N,,-80,201,0.89,20.4,,,,,,54,,,,CCCC[N+](C)(C)N,
C[N+](CC#N)(N)C.[BH3-]C#N,,41,127,0.94,282.2,,,,,,,,,,C[N+](C)(N)CC#N,
C[N+](CCl)(N)C.[BH3-]C#N,,46,134,1.15,58.4,,,,,,,,,,C[N+](C)(N)CCl,
[BH3-]C#N.C=CN1C=[N+]([B-]([H])([H])[N+]2=CN(C=C)C=C2)C=C1,,-37,174,0.89,573.2,,,,,,41,,,,C=Cn1cc[n+]([BH2-][n+]2ccn(C=C)c2)c1,
[BH3-]C#N.[H][B-]([N+]1=CN(CC=C)C=C1)([H])[N+]2=CN(CC=C)C=C2,,-59,190,0.88,244.8,,,,,,23,,,,C=CCn1cc[n+]([BH2-][n+]2ccn(CC=C)c2)c1,
[BH3-]C#N.C=CC[N+]1=CN(C)C=C1,,-80,242,0.96,336.6,,,,,,8,,,,C=CC[n+]1ccn(C)c1,
[BH3-]C#N.CC[N+]1=CN(C)C=C1,,-71,247,0.98,218.6,,,,,,4,,,,CC[n+]1ccn(C)c1,
[BH3-]C#N.CN1C=C[N+](CCCC)=C1,,-80,267,0.97,190.7,,,,,,24,,,,CCCC[n+]1ccn(C)c1,
[O-][N+]([O-])=O.CN1C=[N+]([B-]([H])([H])[N+]2=CN(C)C=C2)C=C1,,90,217,1.28,-164.6,,,,,,,,,,Cn1cc[n+]([BH2-][n+]2ccn(C)c2)c1,
[O-][N+]([O-])=O.[H][B-]([N+]1=CN(CC=C)C=C1)([H])[N+]2=CN(CC=C)C=C2,,<-80,198,1.15,273.7,,,,,,64,,,,C=CCn1cc[n+]([BH2-][n+]2ccn(CC=C)c2)c1,
N#C[N-]C#N.CN1C=[N+]([B-]([H])([H])[N+]2=CN(C)C=C2)C=C1,,30,196,1.12,134.5,,,,,,26,,,,Cn1cc[n+]([BH2-][n+]2ccn(C)c2)c1,
[H][B-]([N+]1=CN(CC=C)C=C1)([H])[N+]2=CN(CC=C)C=C2.N#C[N-]C#N,,<-80,190,1.09,88.9,,,,,,18,,,,C=CCn1cc[n+]([BH2-][n+]2ccn(CC=C)c2)c1,
CN1C=[N+]([B-]([H])([H])[N+]2=CN(C)C=C2)C=C1.CC(C#N)[N+]([O-])=O,,<-80,227,1.2,1.6,,,,,,34,,,,Cn1cc[n+]([BH2-][n+]2ccn(C)c2)c1,
[H][B-]([N+]1=CN(CC=C)C=C1)([H])[N+]2=CN(CC=C)C=C2.CC(C#N)[N+]([O-])=O,,<-80,236,1.14,430.5,,,,,,18,,,,C=CCn1cc[n+]([BH2-][n+]2ccn(CC=C)c2)c1,
CN1C=[N+]([B-]([H])([H])[N+]2=CN(C)C=C2)C=C1,,62,306,1.12,291.5,,,,,,,,,,Cn1cc[n+]([BH2-][n+]2ccn(C)c2)c1,
[H][B-]([N+]1=CN(CC=C)C=C1)([H])[N+]2=CN(CC=C)C=C2,,<-80,266,1.05,248.9,,,,,,14,,,,C=CCn1cc[n+]([BH2-][n+]2ccn(CC=C)c2)c1,
[H][N+](C)([H])[N+](C)([H])[H].[O-][N+]([O-])=O.[O-][N+]([O-])=O,,98,220,1.582,192,,,,,,,,,,C[NH2+][NH2+]C,
[H][N+](C)([H])[N+](C)([H])[H].N#C[N-]C#N.N#C[N-]C#N,,37,180,1.42,552,,,,,,,,,,C[NH2+][NH2+]C,
N[N+](C)(N)C.[Cl-],,,,1.47,-50.2,,,,,,,,,,C[N+](C)(N)N,
N[N+](C)(N)C.[O-][N+]([O-])=O,,99,145.6,1.47,-95.6,,,,,,,,,,C[N+](C)(N)N,
N[N+](C)(N)C.N#C[N-]C#N,,10.7,134.2,1.15,363.7,,,,,,,,,,C[N+](C)(N)N,
N[N+](C)(N)C.N#C[N-][N+]([O-])=O,,-0.19,145.7,1.26,228.5,,,,,,,,,,C[N+](C)(N)N,
N[N+](C)(N)C.N#C[C-](C#N)C#N,,74.4,153.3,1.2,465.4,,,,,,,,,,C[N+](C)(N)N,
N[N+](C)(N)C.N#C[C-]([N+]([O-])=O)C#N,,47.8,142.5,1.35,296.8,,,,,,,,,,C[N+](C)(N)N,
N[N+](C)(N)C.N#C[C-]([N+]([O-])=O)[N+]([O-])=O,,,134.2,1.48,138.2,,,,,,,,,,C[N+](C)(N)N,
N[N+](C)(C)C.N#C[N-]C#N,,60.5,253.5,1.1,258.38,,,,,,,,,,C[N+](C)(C)N,
N[N+](C)(CC)C.N#C[N-]C#N,,30.9,267.1,1.06,243.66,,,,,,,,,,CC[N+](C)(C)N,
N[N+](C)(CCCC)C.N#C[N-]C#N,,20.4,263.3,1.01,232.73,,,,,,,,,,CCCC[N+](C)(C)N,
N[N+](C)(CC=C)C.N#C[N-]C#N,,,199.2,1.05,453.14,,,,,,,,,,C=CC[N+](C)(C)N,
N[N+](C)(CC#C)C.N#C[N-]C#N,,,174.3,1.13,538.55,,,,,,,,,,C#CC[N+](C)(C)N,
N[N+](C)(CCO)C.N#C[N-]C#N,,,236,1.15,109.57,,,,,,,,,,C[N+](C)(N)CCO,
N[N+](C)(CC#N)C.N#C[N-]C#N,,,144.8,1.17,470.29,,,,,,,,,,C[N+](C)(N)CC#N,
N[N+](C)(C)C.N#C[N-][N+]([O-])=O,,35.2,292.4,1.24,119.28,,,,,,,,,,C[N+](C)(C)N,
N[N+](C)(CC)C.N#C[N-][N+]([O-])=O,,25.4,296.9,1.17,105.11,,,,,,,,,,CC[N+](C)(C)N,
N[N+](C)(CCCC)C.N#C[N-][N+]([O-])=O,,9,285.5,1.11,93.49,,,,,,,,,,CCCC[N+](C)(C)N,
N[N+](C)(CC=C)C.N#C[N-][N+]([O-])=O,,,208.2,1.16,314.5,,,,,,,,,,C=CC[N+](C)(C)N,
N[N+](C)(CC#C)C.N#C[N-][N+]([O-])=O,,,189.3,1.21,403.69,,,,,,,,,,C#CC[N+](C)(C)N,
N[N+](C)(CCO)C.N#C[N-][N+]([O-])=O,,,269.1,1.26,-28.68,,,,,,,,,,C[N+](C)(N)CCO,
N[N+](C)(CC#N)C.N#C[N-][N+]([O-])=O,,,193.5,1.28,333.24,,,,,,,,,,C[N+](C)(N)CC#N,
NN1C(N)=[NH+]N=N1.O=Cl(=O)([O-])=O,,97,192,1.902,169,,,,,,,,,,Nc1[nH+]nnn1N,
NN1C(N)=[N+](C)N=N1.O=[N+]([N-][N+]([O-])=O)[O-],,85,184,1.719,381.2,,,,,,,,,,C[n+]1nnn(N)c1N,
N[N+]1=CN(CC)N=C1.NC2=NN=N[N-]2,,-38,171,1.44,523.4,,,,,,,,,,CCn1c[n+](N)cn1,
N[N+]1=CN(C)N=C1.NC2=NN=N[N-]2,,-24,174,1.49,546,,,,,,,,,,Cn1c[n+](N)cn1,
NC1=NN=N[N-]1.N/C(N)=[NH+]/N,,96,211,1.49,302.3,,,,,,,,,,N[NH+]=C(N)N,
NN1C=C[NH+]=N1.[O-][N+]([O-])=O,,98.6,177.7,1.75,119.3,,,,,,,,,,Nn1cc[nH+]n1,
NN1C=C[NH+]=N1.O=[N+](C2=NN=N[N-]2)[O-],,98.8,200.8,1.69,577.1,,,,,,,,,,Nn1cc[nH+]n1,
C[N+]1=NN(N)C=C1.[O-][N+]([O-])=O,,87,241.8,1.59,116.4,,,,,,,,,,C[n+]1ccn(N)n1,
C[N+]1=NN(N)C=C1.O=[N+]([C-]([N+]([O-])=O)[N+]([O-])=O)[O-],,82.2,176.5,1.7,234.1,,,,,,,,,,C[n+]1ccn(N)n1,
C[N+]1=NN(N)C=C1.O=[N+](C2=NN=N[N-]2)[O-],,92.6,224.3,1.59,574,,,,,,,,,,C[n+]1ccn(N)n1,
C[N+]1=NN(N)C=C1.O=[N+](/N=C2[N-]N=N[N-]\2)[O-],,89.6,197,1.57,1056.8,,,,,,,,,,C[n+]1ccn(N)n1,
NN1C=N[N+](C)=C1.[N-]=[N+]=[N-],,43,129,,569,,,,,,,,,,C[n+]1cn(N)cn1,
[N-]=[N+]=[N-].NN1C=[N+](CC=C)N=C1,,-57,109,,674,,,,,,,,,,C=CC[n+]1cn(N)cn1,
NN1C=N[N+](CCN=[N+]=[N-])=C1.[N-]=[N+]=[N-],,,106,,933,,,,,,,,,,[N-]=[N+]=NCC[n+]1cn(N)cn1,
NN1C=N[N+](CCO)=C1.[N-]=[N+]=[N-],,-50,129,,389,,,,,,,,,,Nn1cn[n+](CCO)c1,
[N-]=[N+]=[N-].NN1C=C[N+](C)=N1,,50,156,,623,,,,,,,,,,C[n+]1ccn(N)n1,
NN1C=N[N+](CC=C)=C1.[N-]=[N+]=[N-],,62,114,,724,,,,,,,,,,C=CC[n+]1cn(N)cn1,
C[N+](CCN=[N+]=[N-])(C)C.[N-]=[N+]=[N-],,92,139,1.22,578,,,,,,,,,,C[N+](C)(C)CCN=[N+]=[N-],
C[N+](CCN=[N+]=[N-])(C)C.N#C[N-]C#N,,9,235,1.15,518,,,,,,,,,,C[N+](C)(C)CCN=[N+]=[N-],
C[N+](CCN=[N+]=[N-])(C)C.N#C[N-][N+]([O-])=O,,28,245,1.24,380,,,,,,,,,,C[N+](C)(C)CCN=[N+]=[N-],
C[N+](CCN=[N+]=[N-])(C)C.O=[N+]([N-][N+]([O-])=O)[O-],,rt,219,1.36,251,,,,,,,,,,C[N+](C)(C)CCN=[N+]=[N-],
C[N+](CCN=[N+]=[N-])(CCN=[N+]=[N-])C.N#C[N-]C#N,,rt,222,1.21,894,,,,,,,,,,C[N+](C)(CCN=[N+]=[N-])CCN=[N+]=[N-],
C[N+](CCN=[N+]=[N-])(CCN=[N+]=[N-])C.N#C[N-][N+]([O-])=O,,rt,222,1.32,752,,,,,,,,,,C[N+](C)(CCN=[N+]=[N-])CCN=[N+]=[N-],
[N-]=[N+]=NCC[NH2+]CCN=[N+]=[N-].N#C[N-][N+]([O-])=O,,58,162,1.41,777,,,,,,,,,,[N-]=[N+]=NCC[NH2+]CCN=[N+]=[N-],
CC[NH+](CC)CC.[N-]=[N+]=[N-],,80,,1.01,457,,,,,,,,,,CC[NH+](CC)CC,
CC(C)[NH+](C)C.[N-]=[N+]=[N-],,75,,0.99,430,,,,,,,,,,CC(C)[NH+](C)C,
[H][B-]([H])(C#N)C#N.CCCC[N+](C)(N)C,,-80,222,0.91,,,,,,,,,,,CCCC[N+](C)(C)N,
CCCC[N+]1(C)CCCC1.[H][B-]([H])(C#N)C#N,,-80,303,0.92,,,,,,,,,,,CCCC[N+]1(C)CCCC1,
CCCC[N+]1=CC=CC=C1.[H][B-]([H])(C#N)C#N,,-80,252,0.96,,,,,,,,,,,CCCC[n+]1ccccc1,
CCCC[N+]1=CN(C)N=C1.[H][B-]([H])(C#N)C#N,,-80,220,0.99,,,,,,,,,,,CCCC[n+]1cnn(C)c1,
CCCC[N+]1=CN(C)C=C1.[H][B-]([H])(C#N)C#N,,-80,307,0.96,,,,,,,,,,,CCCC[n+]1ccn(C)c1,
C=CC[N+](C)(N)C.[H][B@-]([H])(C#N)C#N,,-80,189,0.93,,,,,,,,,,,C=CC[N+](C)(C)N,
C[N+]1(CC=C)CCCC1.[H][B@-]([H])(C#N)C#N,,-80,259,0.94,,,,,,,,,,,C=CC[N+]1(C)CCCC1,
C=CC[N+]1=CC=CC=C1.[H][B@-]([H])(C#N)C#N,,-80,203,1,,,,,,,,,,,C=CC[n+]1ccccc1,
C=CC[N+]1=CN(C)N=C1.[H][B-]([H])(C#N)C#N,,-80,217,1.03,,,,,,,,,,,C=CC[n+]1cnn(C)c1,
C=CC[N+]1=CN(C)C=C1.[H][B-]([H])(C#N)C#N,,-80,266,0.99,,,,,,,,,,,C=CC[n+]1ccn(C)c1,
CN1C=C[N+](CCCC)=C1.N#C[N-]C#N,,-6,300,1.06,,,,,,,,,,,CCCC[n+]1ccn(C)c1,
N[N+]1=CN(C)N=C1.N#C[N-]C#N,,-66,143,,,,,,,,,,,,Cn1c[n+](N)cn1,
CN1C=C[N+](CCCC)=C1.F[B-](F)(F)F,,-81,360,1.17,,,,,,,,,,,CCCC[n+]1ccn(C)c1,
N#C[N-]C#N.CCCC[N+]1(C)CCCC1,,-55,-55,0.95,,,,,,,,,,,CCCC[N+]1(C)CCCC1,
CN1C=C[N+]([B-]([H])([H])[N+]2=CN(C)C=C2)=C1.[O-][N+]([O-])=O,,90,217,1.28,-164.6,,,,,,,,,,Cn1cc[n+]([BH2-][n+]2ccn(C)c2)c1,
CN1C=C[N+]([B-]([H])([H])[N+]2=CN(C)C=C2)=C1.N#C[N-]C#N,,30,196,1.12,134.5,,,,,,,,,,Cn1cc[n+]([BH2-][n+]2ccn(C)c2)c1,
CN1C=C[N+]([B-]([H])([H])[N+]2=CN(C)C=C2)=C1.N#C[N-][N+]([O-])=O,,-80,227,1.2,1.6,,,,,,,,,,Cn1cc[n+]([BH2-][n+]2ccn(C)c2)c1,
CN1C=C[N+]([B-]([H])([H])[N+]2=CN(C)C=C2)=C1.N#C[BH2-]C#N,,62,306,1.12,291.5,,,,,,,,,,Cn1cc[n+]([BH2-][n+]2ccn(C)c2)c1,
[H][B-]([N+]1=CN(C=CC)C=C1)([H])[N+]2=CN(C=CC)C=C2.[O-][N+]([O-])=O,,-80,198,1.15,273.7,,,,,,,,,,CC=Cn1cc[n+]([BH2-][n+]2ccn(C=CC)c2)c1,
[H][B-]([N+]1=CN(C=CC)C=C1)([H])[N+]2=CN(C=CC)C=C2.N#C[N-]C#N,,-80,190,1.09,88.9,,,,,,,,,,CC=Cn1cc[n+]([BH2-][n+]2ccn(C=CC)c2)c1,
[H][B-]([N+]1=CN(C=CC)C=C1)([H])[N+]2=CN(C=CC)C=C2.N#C[N-][N+]([O-])=O,,-80,236,1.14,430.5,,,,,,,,,,CC=Cn1cc[n+]([BH2-][n+]2ccn(C=CC)c2)c1,
[H][B-]([N+]1=CN(C=CC)C=C1)([H])[N+]2=CN(C=CC)C=C2.N#C[BH2-]C#N,,-80,266,1.05,248.9,,,,,,,,,,CC=Cn1cc[n+]([BH2-][n+]2ccn(C=CC)c2)c1,
[NH3+]OCCON.[O-][N+]([O-])=O,,75,80,,,,,,,,,,,,NOCCO[NH3+],
[NH3+]OCCON.O=[N+]([N-][N+]([O-])=O)[O-],,58,76,,,,,,,,,,,,NOCCO[NH3+],
[NH3+]OCCO[NH3+].O=[N+]([N-][N+]([O-])=O)[O-].O=[N+]([N-][N+]([O-])=O)[O-],,-1,118,,,,,,,,,,,,[NH3+]OCCO[NH3+],
C[N+]1=CN(CCCCC)C=C1.[BH3-]C#N,,<-50,275,0.9251,-7207,,,,,234,,,,,CCCCCn1cc[n+](C)c1,
C[N+]1=CN(CCCCCCCC)C=C1.[BH3-]C#N,,-36.22,283,0.9056,-9267,,,,,236,,,,,CCCCCCCCn1cc[n+](C)c1,
C=CC[N+]1=CN(CCC=C)C=C1.[BH3-]C#N,,<-50,247,0.9582,-6885,,,,,233,,,,,C=CCCn1cc[n+](CC=C)c1,
CC[N+]1=CN(CCC=C)C=C1.[BH3-]C#N,,<-50,265,0.9533,-6350,,,,,232,,,,,C=CCCn1cc[n+](CC)c1,
C=CCN1C=[N+](CCC)C=C1.[BH3-]C#N,,<-50,256,0.9403,-7037,,,,,233,,,,,C=CCn1cc[n+](CCC)c1,
C=CCN1C=[N+](CCCC)C=C1.[BH3-]C#N,,<-50,264,0.931,-7749,,,,,234,,,,,C=CCn1cc[n+](CCCC)c1,
C=CCN1C=[N+](CCCCCCCC)C=C1.[BH3-]C#N,,<-50,265,0.9078,-10460,,,,,234,,,,,C=CCn1cc[n+](CCCCCCCC)c1,
CN1C=[N+](CC=C)C=C1.N#C[BH2-]N2N=NC=C2,,<-70,203,1.1116,358.7,,,,,289.6,5,,34.74,,C=CC[n+]1ccn(C)c1,
C=C[N+]1=CN(CC=C)C=C1.N#C[BH2-]N2N=NC=C2,,<-70,193,1.1281,471.6,,,,,289.6,8,,52.12,,C=CCn1cc[n+](C=C)c1,
CN1C=[N+](CC)C=C1.N#C[BH2-]N2N=NC=C2,,<-70,241,1.1155,242.3,,,,,293.5,9,,27.59,,CC[n+]1ccn(C)c1,
CN1C=[N+](CCCC)C=C1.N#C[BH2-]N2N=NC=C2,,<-70,232,1.0784,216.2,,,,,290.8,32,,30.66,,CCCC[n+]1ccn(C)c1,
N#C[BH2-]N1N=NC=C1.C[N+]2(CC)CCCC2,,<-70,224,1.0586,111.7,,,,,293.7,25,,38.83,,CC[N+]1(C)CCCC1,
N#C[BH2-]N1N=NC=C1.C[N+]2(CCC)CCCC2,,<-70,215,1.0464,97,,,,,292.7,38,,22.48,,CCC[N+]1(C)CCCC1,
N#C[BH2-]N1N=NC=C1.C[N+]2(CCCC)CCCC2,,<-70,219,1.0353,83.2,,,,,292.8,57,,59.63,,CCCC[N+]1(C)CCCC1,
N#C[BH2-]N1N=NC=C1.CC[N+]2=CC=CC=C2,,<-70,193,1.1179,292.3,,,,,288.6,17,,41.9,,CC[n+]1ccccc1,
N#C[BH2-]N1N=NC=C1.CCCC[N+]2=CC=CC=C2,,<-70,223,1.071,265.8,,,,,289.6,28,,50.07,,CCCC[n+]1ccccc1,
CN1C=[N+](C)C=C1.[H][B-]([H])(N2N=NN=C2)N3N=NN=C3,,21,223,1.28,,,,,,264,,,,,Cn1cc[n+](C)c1,
CN1C=[N+](CC)C=C1.[H][B-]([H])(N2N=NN=C2)N3N=NN=C3,,<-70,226,1.24,,,,,,264,,,,,CC[n+]1ccn(C)c1,
CN1C=[N+](CCCC)C=C1.[H][B-]([H])(N2N=NN=C2)N3N=NN=C3,,<-70,219,1.24,,,,,,261,,,,,CCCC[n+]1ccn(C)c1,
CN1C=[N+](CC=C)C=C1.[H][B-]([H])(N2N=NN=C2)N3N=NN=C3,,<-70,222,1.25,,,,,,265,,,,,C=CC[n+]1ccn(C)c1,
C=CC[N+]1=CN(CC=C)C=C1.[H][B-]([H])(N2N=NN=C2)N3N=NN=C3,,<-70,225,1.21,,,,,,264,,,,,C=CCn1cc[n+](CC=C)c1,
[H][B-]([H])(N1N=NN=C1)N2N=NN=C2.C[N+]3(CCCC)CCCC3,,<-70,230,1.2,,,,,,264,,,,,CCCC[N+]1(C)CCCC1,
[H][B-]([H])(N1N=NN=C1)N2N=NN=C2.C[N+]3(CC=C)CCCC3,,<-70,219,1.22,,,,,,263,,,,,C=CC[N+]1(C)CCCC1,
[H][B-]([H])(N1N=NN=C1)N2N=NN=C2.CC[N+]3=CC=CC=C3,,23,170,1.26,,,,,,263,,,,,CC[n+]1ccccc1,
[H][B-]([H])(N1N=NN=C1)N2N=NN=C2.CCCC[N+]3=CC=CC=C3,,<-70,166,1.25,,,,,,261,,,,,CCCC[n+]1ccccc1,
[H][B-]([H])(N1N=NN=C1)N2N=NN=C2.C=CC[N+]3=CC=CC=C3,,<-70,149,1.28,,,,,,264,,,,,C=CC[n+]1ccccc1,
[H][B-]([H])(C#N)N1N=NN=C1.CN2C=C[N+](CC)=C2,,<-70,233,1.12,,,,,,184,,,,,CC[n+]1ccn(C)c1,
[H][B-]([H])(C#N)N1N=NN=C1.CN2C=C[N+](CCCC)=C2,,<-70,231,1.1,,,,,,177,,,,,CCCC[n+]1ccn(C)c1,
[H][B-]([H])(C#N)N1N=NN=C1.CN2C=C[N+](CC=C)=C2,,<-70,228,1.15,,,,,,195,,,,,C=CC[n+]1ccn(C)c1,
[H][B-]([H])(C#N)N1N=NN=C1.C[N+]2(CC)CCCC2,,-8,193,1.09,,,,,,179,,,,,CC[N+]1(C)CCCC1,
[H][B-]([H])(C#N)N1N=NN=C1.C[N+]2(CCCC)CCCC2,,-47,200,1.08,,,,,,173,,,,,CCCC[N+]1(C)CCCC1,
[H][B-]([H])(C#N)N1N=NN=C1.CC[N+]2=CC=CC=C2,,<-70,175,1.17,,,,,,183,,,,,CC[n+]1ccccc1,
[H][B-]([H])(C#N)N1N=NN=C1.CCCC[N+]2=CC=CC=C2,,<-70,180,1.13,,,,,,180,,,,,CCCC[n+]1ccccc1,
[H][B-]([H])(C#N)N1N=NN=C1.C=CC[N+]2=CC=CC=C2,,<-70,165,1.17,,,,,,189,,,,,C=CC[n+]1ccccc1,
[H][B-]([H])(N1C=NC=N1)N2C=NC=N2.[H][B-]([N+]3=CN(C)C=C3)([H])[N+]4=CN(C)C=C4,,-44.9,256.8,1.16,214,,,,,260,,,,,Cn1cc[n+]([BH2-][n+]2ccn(C)c2)c1,
[H][B-]([H])(N1C=NC=N1)N2C=NC=N2.[H][B-]([N+]3=CN(CC)C=C3)([H])[N+]4=CN(CC)C=C4,,-51.1,250.6,1.12,158,,,,,260,,,,,CCn1cc[n+]([BH2-][n+]2ccn(CC)c2)c1,
[H][B-]([H])(N1C=NC=N1)N2C=NC=N2.[H][B-]([N+]3=CN(CCC)C=C3)([H])[N+]4=CN(CCC)C=C4,,-52.1,258.6,1.1,120,,,,,261,,,,,CCCn1cc[n+]([BH2-][n+]2ccn(CCC)c2)c1,
[H][B-]([H])(N1C=NC=N1)N2C=NC=N2.[H][B-]([N+]3=CN(CCCC)C=C3)([H])[N+]4=CN(CCCC)C=C4,,-57.6,248.4,1.07,83,,,,,261,,,,,CCCCn1cc[n+]([BH2-][n+]2ccn(CCCC)c2)c1,
[H][B-](N1C=NC=N1)(N2C=NC=N2)[H].C=CCN3C=C[N+]([B-]([N+]4=CN(CC=C)C=C4)([H])[H])=C3,,-56.2,205.4,1.12,390,,,,,262,,,,,C=CCn1cc[n+]([BH2-][n+]2ccn(CC=C)c2)c1,
[H][B-]([H])([N+]1=CN(C)C=C1)[N+]2=CN(C=C2)C.[H][B-](N3N=CN=C3)(N4C=NC=N4)N5C=NC=N5,,-28.8,240.6,1.22,286.9,,,,,257.5,,,,,Cn1cc[n+]([BH2-][n+]2ccn(C)c2)c1,
[H][B-](N1C=NC=N1)(N2C=NC=N2)N3C=NC=N3.[H][B-]([N+]4=CN(C=C4)CC)([N+]5=CN(CC)C=C5)[H],,-37.8,245.1,1.18,230,,,,,258.3,,,,,CCn1cc[n+]([BH2-][n+]2ccn(CC)c2)c1,
[H][B-](N1C=NC=N1)(N2C=NC=N2)N3C=NC=N3.[H][B-]([N+]4=CN(CCC)C=C4)([H])[N+]5=CN(CCC)C=C5,,-47.1,248.7,1.13,193.1,,,,,259,,,,,CCCn1cc[n+]([BH2-][n+]2ccn(CCC)c2)c1,
[H][B-](N1C=NC=N1)(N2C=NC=N2)N3C=NC=N3.[H][B-]([N+]4=CN(CCCC)C=C4)([H])[N+]5=CN(CCCC)C=C5,,-42.2,239,1.12,152.4,,,,,261.6,,,,,CCCCn1cc[n+]([BH2-][n+]2ccn(CCCC)c2)c1,
[H][B-](N1C=NC=N1)(N2C=NC=N2)N3C=NC=N3.[H][B-]([N+]4=CN(CC=C)C=C4)([H])[N+]5=CN(CC=C)C=C5,,-44.2,225.4,1.17,461.1,,,,,259.7,,,,,C=CCn1cc[n+]([BH2-][n+]2ccn(CC=C)c2)c1,
C[N+]1=CN(C)C=C1.BB2B(B(B[BH-2]B2B[NH3+])B)B(B)B,,210.7,278.2,1.14,96.7,,,,,276.1,,,,,Cn1cc[n+](C)c1,
CN1C=[N+](CC)C=C1.BB2B(B(B[BH-2]B2B[NH3+])B)B(B)B,,160,270.2,1.06,-13.2,,,,,275.3,,,,,CC[n+]1ccn(C)c1,
CN1C=[N+](CCC)C=C1.BB2B(B(B[BH-2]B2B[NH3+])B)B(B)B,,133.9,264.6,1.08,-40.1,,,,,274.9,,,,,CCC[n+]1ccn(C)c1,
CN1C=[N+](CC=C)C=C1.BB2B(B(B[BH-2]B2B[NH3+])B)B(B)B,,170.5,248.8,1.17,388.1,,,,,275.3,,,,,C=CC[n+]1ccn(C)c1,
CN1C=[N+](CC#C)C=C1.BB2B(B(B[BH-2]B2B[NH3+])B)B(B)B,,198.3,215.6,1.19,1073,,,,,276.8,,,,,C#CC[n+]1ccn(C)c1,
CN1C=[N+](CC#N)C=C1.BB2B(B(B[BH-2]B2B[NH3+])B)B(B)B,,227.2,243.5,1.15,835.3,,,,,275.7,,,,,Cn1cc[n+](CC#N)c1,
BB1B(B(B[BH-2]B1B)B)B(B)B.C=CN2C=C[N+]([Cu-2]([N+]3=CN(C=C)C=C3)([N+]4=CN(C=C)C=C4)[N+]5=CN(C=C)C=C5)=C2,,212.2,221.8,1.264,,,,,,,,,,,C=Cn1cc[n+]([Cu-2]([n+]2ccn(C=C)c2)([n+]2ccn(C=C)c2)[n+]2ccn(C=C)c2)c1,
BB1B(B(B[BH-2]B1B)B)B(B)B.C=CCN2C=C[N+]([Cu-2]([N+]3=CN(CC=C)C=C3)([N+]4=CN(CC=C)C=C4)[N+]5=CN(CC=C)C=C5)=C2,,231,234.2,1.221,,,,,,,,,,,C=CCn1cc[n+]([Cu-2]([n+]2ccn(CC=C)c2)([n+]2ccn(CC=C)c2)[n+]2ccn(CC=C)c2)c1,
BB1B(B(B[BH-2]B1B)B)B(B)B.C=CN2C=C[N+]([Zn-2]([N+]3=CN(C=C)C=C3)([N+]4=CN(C=C)C=C4)[N+]5=CN(CC=C)C=C5)=C2,,196.7,250,1.217,,,,,,,,,,,C=CCn1cc[n+]([Zn-2]([n+]2ccn(C=C)c2)([n+]2ccn(C=C)c2)[n+]2ccn(C=C)c2)c1,
BB1B(B(B[BH-2]B1B)B)B(B)B.C=CCN2C=C[N+]([Zn-2]([N+]3=CN(CC=C)C=C3)([N+]4=CN(CC=C)C=C4)[N+]5=CN(CC=C)C=C5)=C2,,205.2,274.2,1.215,,,,,,,,,,,C=CCn1cc[n+]([Zn-2]([n+]2ccn(CC=C)c2)([n+]2ccn(CC=C)c2)[n+]2ccn(CC=C)c2)c1,
BB1B(B(B[BH-2]B1B)B)B(B)B.C=CN(C=C2)C=[N+]2[Ni-2]([N+]3=CN(C=C)C=C3)([N+]4=CN(C=C)C=C4)[N+]5=CN(C=C)C=C5,,269.3,286.3,1.219,,,,,,,,,,,C=Cn1cc[n+]([Ni-2]([n+]2ccn(C=C)c2)([n+]2ccn(C=C)c2)[n+]2ccn(C=C)c2)c1,
BB1B(B(B[BH-2]B1B)B)B(B)B.C=CCN2C=C[N+]([Ni-2]([N+]3=CN(CC=C)C=C3)([N+]4=CN(CC=C)C=C4)[N+]5=CN(CC=C)C=C5)=C2,,251.8,276.2,1.259,,,,,,,,,,,C=CCn1cc[n+]([Ni-2]([n+]2ccn(CC=C)c2)([n+]2ccn(CC=C)c2)[n+]2ccn(CC=C)c2)c1,
O=[N+](OCC[N+]1=CC=CCC=C1)[O-].N#C[N-]C#N,60,,186.6,,237,,,,,233.8,,,,,O=[N+]([O-])OCC[N+]1=CC=CCC=C1,
N#C[N-]C#N.CCC[N+]12CCC(CC2)CC1,76,,320.7,,123.7,,,,,261.6,,,,,CCC[N+]12CCC(CC1)CC2,
N#C[N-]C#N.C=CC[N+]12CCC(CC2)CC1,64.8,,236,,431.1,,,,,265.2,,,,,C=CC[N+]12CCC(CC1)CC2,
N#C[N-]C#N.C#CC[N+]12CCN(CC2)CC1,105.8,,208.2,,537.5,,,,,266.2,,,,,C#CC[N+]12CCN(CC1)CC2,
[BH3-]C#N.CCN(CC)[C+]1C(N(CC)CC)C1N(CC)CC,-24,,211,,145.1,,,,,304.6,,,,,CCN(CC)[C+]1C(N(CC)CC)C1N(CC)CC,
C=CCN(CC=C)[C+]1C(N(CC=C)CC=C)C1N(CC=C)CC=C.N#C[BH2-]C2=CNC=N2,-20,,170,,864.8,,,,,300.9,,,,,C=CCN(CC=C)[C+]1C(N(CC=C)CC=C)C1N(CC=C)CC=C,
CCN(CC)[C+]1C(N(CC)CC)C1N(CC)CC.N#C[BH2-]C2=CNC=N2,-28,,194,,193.3,,,,,301.9,,,,,CCN(CC)[C+]1C(N(CC)CC)C1N(CC)CC,
CN(CCC)[C+]1C(N(C)CC=C)C1N(C)CCC.N#C[BH2-]C2=CNC=N2,-24,,155,,608.9,,,,,301.2,,,,,C=CCN(C)C1[C+](N(C)CCC)C1N(C)CCC,
N#C[N-]C#N.CCCC[N+]1(CC#C)CCC1,<-80,,114,,330.4,,,,,184.5,,,,,C#CC[N+]1(CCCC)CCC1,
C[N+](CCN=[N+]=[N-])(CC)CC.N#C[N-]C#N,<-70,,200.5,,310,,,,,262.6,,,,,CC[N+](C)(CC)CCN=[N+]=[N-],
C[N+](C)(C)CCCN=[N+]=[N-].N#C[N-]C#N,<-70,,204.2,,258.8,,,,,261.1,,,,,C[N+](C)(C)CCCN=[N+]=[N-],
N#C[N-]C#N.C[N+]1(CCN=[N+]=[N-])CCCC1,<-70,,205,,307.3,,,,,260.8,,,,,C[N+]1(CCN=[N+]=[N-])CCCC1,
N#C[N-]C#N.C[N+]1(CCCCC1)CCN=[N+]=[N-],<-70,,209,,285.2,,,,,261,,,,,C[N+]1(CCN=[N+]=[N-])CCCCC1,
N#C[N-]C#N.C[N+]1(CCOCC1)CCN=[N+]=[N-],<-70,,205.7,,198.4,,,,,260,,,,,C[N+]1(CCN=[N+]=[N-])CCOCC1,
CC[N+]1=CN(C)C=C1.[O-][P+](OC)([BH3-])OC,-49,,210,,,,,,,243.2,,,,,CC[n+]1ccn(C)c1,
CN1C=[N+](CCCC)C=C1.[O-][P+](OC)([BH3-])OC,-47,,215,,,,,,,245.6,,,,,CCCC[n+]1ccn(C)c1,
C[N+]1(CC)CCCC1.[O-][P+](OC)([BH3-])OC,-49,,224,,,,,,,246,,,,,CC[N+]1(C)CCCC1,
C[N+]1(CCC)CCCC1.[O-][P+](OC)([BH3-])OC,-48,,226,,,,,,,247.5,,,,,CCC[N+]1(C)CCCC1,
C[N+]1(CCCC)CCCC1.[O-][P+](OC)([BH3-])OC,-45,,231,,,,,,,246.9,,,,,CCCC[N+]1(C)CCCC1,
CC[N+](CC)(CC)CC.[O-][P+](OC)([BH3-])OC,-47,,235,,,,,,,248.4,,,,,CC[N+](CC)(CC)CC,
CC[N+]1=CN(C)C=C1.[O-][P+](OCC)([BH3-])OCC,-17,,215,,,,,,,247.9,,,,,CC[n+]1ccn(C)c1,
CN1C=[N+](CCCC)C=C1.[O-][P+](OCC)([BH3-])OCC,-13,,213,,,,,,,249.2,,,,,CCCC[n+]1ccn(C)c1,
C[N+]1(CC)CCCC1.[O-][P+](OCC)([BH3-])OCC,-17,,232,,,,,,,248.8,,,,,CC[N+]1(C)CCCC1,
C[N+]1(CCC)CCCC1.[O-][P+](OCC)([BH3-])OCC,-16,,236,,,,,,,249.8,,,,,CCC[N+]1(C)CCCC1,
CCCC[N+]1CCCC1.[O-][P+](OCC)([BH3-])OCC,-15,,228,,,,,,,249,,,,,CCCC[N+]1CCCC1,
CC[N+](CC)(CC)CC.[O-][P+](OCC)([BH3-])OCC,-18,,230,,,,,,,250,,,,,CC[N+](CC)(CC)CC,
[H][B-](N1C=NN=N1)([H])N2N=NN=C2.CN3C=[N+](C)C=C3,21,,223,,565.2,,,,,264,,,,,Cn1cc[n+](C)c1,
[H][B-](N1C=NN=N1)([H])N2N=NN=C2.CN3C=[N+](CC)C=C3,<-70,,226,,578,,,,,264,,,,,CC[n+]1ccn(C)c1,
[H][B-](N1C=NN=N1)([H])N2N=NN=C2.CN3C=[N+](CC=C)C=C3,<-70,,222,,702.5,,,,,265,,,,,C=CC[n+]1ccn(C)c1,
[H][B-](N1C=NN=N1)([H])N2N=NN=C2.C[N+]3=CN(CC=C)C=C3,<-70,,225,,720.6,,,,,264,,,,,C=CCn1cc[n+](C)c1,
C[N+]1(CC=C)CCCC1.[H][B-](N2C=NN=N2)([H])N3N=NN=C3,<-70,,219,,506.1,,,,,263,,,,,C=CC[N+]1(C)CCCC1,
[H][B-](N1C=NN=N1)([H])N2N=NN=C2.CC[N+]3=CC=CC=C3,23,,170,,576.8,,,,,263,,,,,CC[n+]1ccccc1,
[H][B-](N1C=NN=N1)([H])N2N=NN=C2.C=CC[N+]3=CC=CC=C3,<-70,,149,,692.4,,,,,264,,,,,C=CC[n+]1ccccc1,
[H][B-]([N+]1=CN(CC)C=C1)([H])[N+]2=CN(CC)C=C2.[H][B-](N3N=CN=C3)([H])N4N=CN=C4,-51.1,,250.5,,158.3,,,,,260.3,,,,,CCn1cc[n+]([BH2-][n+]2ccn(CC)c2)c1,
[H][B-]([N+]1=CN(CC=C)C=C1)([H])[N+]2=CN(CC=C)C=C2.[H][B-](N3N=CN=C3)([H])N4N=CN=C4,-56.2,,205.4,,390.2,,,,,261.7,,,,,C=CCn1cc[n+]([BH2-][n+]2ccn(CC=C)c2)c1,
[H][B-](N1N=NN=C1)(C#N)[H].CN2C=[N+](CC)C=C2,<-70,,233,,256.7,,,,,184,,,,,CC[n+]1ccn(C)c1,
[H][B-](N1N=NN=C1)(C#N)[H].CN2C=[N+](CCC)C=C2,<-70,,231,,197.4,,,,,177,,,,,CCC[n+]1ccn(C)c1,
[H][B-](N1N=NN=C1)(C#N)[H].CN2C=[N+](CC=C)C=C2,<-70,,228,,427.6,,,,,195,,,,,C=CC[n+]1ccn(C)c1,
[H][B-](N1N=NN=C1)(C#N)[H].CC[N+]2(C)CCCC2,-8,,193,,118.8,,,,,179,,,,,CC[N+]1(C)CCCC1,
[H][B-](N1N=NN=C1)(C#N)[H].CCC[N+]2(C)CCCC2,-13,,200,,67,,,,,173,,,,,CCC[N+]1(C)CCCC1,
[H][B-](N1N=NN=C1)(C#N)[H].CC[N+]2=CC=CC=C2,<-70,,175,,299.2,,,,,183,,,,,CC[n+]1ccccc1,
[H][B-](N1N=NN=C1)(C#N)[H].CCC[N+]2=CC=CC=C2,<-70,,180,,280.4,,,,,180,,,,,CCC[n+]1ccccc1,
[H][B-](N1N=NN=C1)(C#N)[H].C=CC[N+]2=CC=CC=C2,<-70,,165,,417.7,,,,,189,,,,,C=CC[n+]1ccccc1,
N#C[N-]C#N.CC[N+]1=CN(C)C=C1,-18,,284,1.105,274,,,,,247,,,,,CC[n+]1ccn(C)c1,
N#C[N-]C#N.CN1C=[N+](CCCC)C=C1,-6,,283,1.061,244,,,,,244.2,,,,,CCCC[n+]1ccn(C)c1,
N#C[N-]C#N.CN1C=[N+](CCCCCC)C=C1,,<-80,283,1.025,221,,,,,242.7,,,,,CCCCCC[n+]1ccn(C)c1,
N#C[N-]C#N.CN1C=[N+](CCCCCCCC)C=C1,-5,,286,1.006,193,,,,,241.3,,,,,CCCCCCCC[n+]1ccn(C)c1,
N#C[N-]C#N.CN1C=[N+](CC=C)C=C1,,<-80,277,1.117,382,,,,,250.3,,,,,C=CC[n+]1ccn(C)c1,
N#C[N-]C#N.CN1C=[N+](C=C)C=C1,26,,249,1.145,406,,,,,253.1,,,,,C=C[n+]1ccn(C)c1,
N#C[N-]C#N.C=CN1C=[N+](CC=C)C=C1,2,,233,1.23,485,,,,,253.2,,,,,C=CC[n+]1ccn(C=C)c1,
N#C[N-]C#N.CN1C=[N+](CCCC#C)C=C1,,<-80,274,1.127,440,,,,,250.5,,,,,C#CCCC[n+]1ccn(C)c1,
N#C[N-]C#N.CN1C=[N+](CCO)C=C1,,-60,240,1.189,129,,,,,250.5,,,,,Cn1cc[n+](CCO)c1,
[H][B-]([H])([N+]1=CN(C=C1)C)[N+]2=CN(C=C2)C.[H][B-]([H])(N3N=CN=C3)N4N=CN=C4,,-44.9,256.8,1.16,410.8,,,,,259.8,399,,1.72,,Cn1cc[n+]([BH2-][n+]2ccn(C)c2)c1,
[H][B-]([H])([N+]1=CN(C=C1)CC)[N+]2=CN(C=C2)CC.[H][B-]([H])(N3N=CN=C3)N4N=CN=C4,,-51.1,250.6,1.12,400,,,,,260.3,26,,0.801,,CCn1cc[n+]([BH2-][n+]2ccn(CC)c2)c1,
[H][B-]([H])([N+]1=CN(C=C1)CCC)[N+]2=CN(C=C2)CCC.[H][B-]([H])(N3N=CN=C3)N4N=CN=C4,,-52.1,258.6,1.1,391,,,,,260.9,111,,1.282,,CCCn1cc[n+]([BH2-][n+]2ccn(CCC)c2)c1,
[H][B-]([H])([N+]1=CN(C=C1)CCCC)[N+]2=CN(C=C2)CCCC.[H][B-]([H])(N3N=CN=C3)N4N=CN=C4,,-57.6,248.4,1.07,381.7,,,,,261.3,190,,1.038,,CCCCn1cc[n+]([BH2-][n+]2ccn(CCCC)c2)c1,
[H][B-]([H])([N+]1=CN(C=C1)CC=C)[N+]2=CN(C=C2)CC=C.[H][B-]([H])(N3N=CN=C3)N4N=CN=C4,,-56.2,205.4,1.12,393.3,,,,,261.7,20,,0.453,,C=CCn1cc[n+]([BH2-][n+]2ccn(CC=C)c2)c1,
[H][B-]([H])([N+]1=CN(C=C1)C)[N+]2=CN(C=C2)C.[H][B-](N3C=NC=N3)(N4N=CN=C4)N5C=NC=N5,,-28.8,240.6,1.22,397.8,,,,,257.5,,,28.413,,Cn1cc[n+]([BH2-][n+]2ccn(C)c2)c1,
[H][B-]([H])([N+]1=CN(C=C1)CC)[N+]2=CN(C=C2)CC.[H][B-](N3C=NC=N3)(N4N=CN=C4)N5C=NC=N5,,-37.8,245.1,1.18,388.4,,,,,258.3,,,6.054,,CCn1cc[n+]([BH2-][n+]2ccn(CC)c2)c1,
[H][B-]([H])([N+]1=CN(C=C1)CCC)[N+]2=CN(C=C2)CCC.[H][B-](N3C=NC=N3)(N4N=CN=C4)N5C=NC=N5,,-47.1,248.7,1.13,378.4,,,,,259,,,4.129,,CCCn1cc[n+]([BH2-][n+]2ccn(CCC)c2)c1,
[H][B-]([H])([N+]1=CN(C=C1)CCCC)[N+]2=CN(C=C2)CCCC.[H][B-](N3C=NC=N3)(N4N=CN=C4)N5C=NC=N5,,-42.2,239,1.12,372.6,,,,,261.6,,,3.876,,CCCCn1cc[n+]([BH2-][n+]2ccn(CCCC)c2)c1,
[H][B-]([H])([N+]1=CN(C=C1)CC=C)[N+]2=CN(C=C2)CC=C.[H][B-](N3C=NC=N3)(N4N=CN=C4)N5C=NC=N5,,-44.2,225.4,1.17,382.5,,,,,259.7,,,2.269,,C=CCn1cc[n+]([BH2-][n+]2ccn(CC=C)c2)c1,
C[N+]12CCC(CC2)CC1.N#C[N-]C#N,35.3,,317.8,1.16,154.4,,,,,262.3,34,,,,C[N+]12CCC(CC1)CC2,
CC[N+]12CCC(CC2)CC1.N#C[N-]C#N,2.7,,322,1.09,136.9,,,,,262,63,,,,CC[N+]12CCC(CC1)CC2,
CCC[N+]12CCC(CC2)CC1.N#C[N-]C#N,76,,320.7,1.14,123.7,,,,,261.6,29,,,,CCC[N+]12CCC(CC1)CC2,
CCCC[N+]12CCC(CC2)CC1.N#C[N-]C#N,22.7,,318,1.06,116.9,,,,,261.3,100,,,,CCCC[N+]12CCC(CC1)CC2,
C=CC[N+]12CCC(CC2)CC1.N#C[N-]C#N,16.5,,303,1.1,254.9,,,,,263.1,49,,,,C=CC[N+]12CCC(CC1)CC2,
C#CC[N+]12CCC(CC2)CC1.N#C[N-]C#N,64.8,,236,1.19,431.1,,,,,265.2,14,,,,C#CC[N+]12CCC(CC1)CC2,
N#CC[N+]12CCC(CC2)CC1.N#C[N-]C#N,99,,230.7,1.27,356.7,,,,,263.2,-,,,,N#CC[N+]12CCC(CC1)CC2,
OCC[N+]12CCC(CC2)CC1.N#C[N-]C#N,19.7,,275.5,1.16,7.8,,,,,262,186,,,,OCC[N+]12CCC(CC1)CC2,
C[N+]12CCN(CC2)CC1.N#C[N-]C#N,50.8,,281.3,1.2,265.8,,,,,263.8,39,,,,C[N+]12CCN(CC1)CC2,
CC[N+]12CCN(CC2)CC1.N#C[N-]C#N,37,,280.8,1.17,240.6,,,,,264.1,82,,,,CC[N+]12CCN(CC1)CC2,
CCC[N+]12CCN(CC2)CC1.N#C[N-]C#N,55.3,,276.8,1.17,232.3,,,,,264.2,106,,,,CCC[N+]12CCN(CC1)CC2,
CCCC[N+]12CCN(CC2)CC1.N#C[N-]C#N,2,,275.2,1.1,223.2,,,,,264,120,,,,CCCC[N+]12CCN(CC1)CC2,
C=CC[N+]12CCN(CC2)CC1.N#C[N-]C#N,-80.8,,264.3,1.14,366.3,,,,,265.1,67,,,,C=CC[N+]12CCN(CC1)CC2,
C#CC[N+]12CCN(CC2)CC1.N#C[N-]C#N,105.8,,208.2,1.25,537.5,,,,,266.2,20,,,,C#CC[N+]12CCN(CC1)CC2,
N#CC[N+]12CCN(CC2)CC1.N#C[N-]C#N,127.8,,207.5,1.31,469,,,,,261.7,-,,,,N#CC[N+]12CCN(CC1)CC2,
OCC[N+]12CCN(CC2)CC1.N#C[N-]C#N,-71.8,,260.2,1.22,113.9,,,,,260.5,1053,,,,OCC[N+]12CCN(CC1)CC2,
[H][B-](N1C=NN=N1)([H])N2N=NN=C2.CN3C=[N+](C)C=C3,21,,223,1.28,565.2,,,,,264,,,57,,Cn1cc[n+](C)c1,
[H][B-](N1C=NN=N1)([H])N2N=NN=C2.CN3C=[N+](CC)C=C3,<-70,,226,1.24,578,,,,,264,,,40,,CC[n+]1ccn(C)c1,
[H][B-]([H])(N1N=NN=C1)N2C=NN=N2.CN3C=[N+](C=C3)CCC,<-70,,219,1.24,1.651,,,,,261,,,88,,CCC[n+]1ccn(C)c1,
[H][B-](N1C=NN=N1)([H])N2N=NN=C2.CN3C=[N+](CC=C)C=C3,<-70,,222,1.25,702.5,,,,,265,,,31,,C=CC[n+]1ccn(C)c1,
[H][B-](N1C=NN=N1)([H])N2N=NN=C2.C[N+]3=CN(CC=C)C=C3,<-70,,225,1.21,720.6,,,,,264,,,35,,C=CCn1cc[n+](C)c1,
C[N+]1(CCCC1)C.[H][B-]([H])(N2N=NN=C2)N3C=NN=N3,<-70,,230,1.2,1.167,,,,,264,,,89,,C[N+]1(C)CCCC1,
C[N+]1(CC=C)CCCC1.[H][B-](N2C=NN=N2)([H])N3N=NN=C3,<-70,,219,1.22,506.1,,,,,263,,,26,,C=CC[N+]1(C)CCCC1,
[H][B-](N1C=NN=N1)([H])N2N=NN=C2.CC[N+]3=CC=CC=C3,23,,170,1.26,576.8,,,,,263,,,30,,CC[n+]1ccccc1,
[H][B-]([H])(N1N=NN=C1)N2C=NN=N2.CCC[N+]3=CC=CC=C3,<-70,,166,1.25,2,,,,,261,,,69,,CCC[n+]1ccccc1,
[H][B-](N1C=NN=N1)([H])N2N=NN=C2.C=CC[N+]3=CC=CC=C3,<-70,,149,1.28,692.4,,,,,264,,,25,,C=CC[n+]1ccccc1,
[H][B-](N1N=NN=C1)(C#N)[H].CN2C=[N+](CC)C=C2,<-70,,233,1.12,256.7,,,,,,184,,,,CC[n+]1ccn(C)c1,
[H][B-](C#N)([H])N1N=NN=C1.CN2C=[N+](C=C2)CCCC,<-70,,231,1.1,197.4,,,,,,177,,,,CCCC[n+]1ccn(C)c1,
[H][B-](N1N=NN=C1)(C#N)[H].CN2C=[N+](CC=C)C=C2,<-70,,228,1.15,427.6,,,,,,195,,,,C=CC[n+]1ccn(C)c1,
[H][B-](N1N=NN=C1)(C#N)[H].CC[N+]2(C)CCCC2,-8,,193,1.09,118.8,,,,,,179,,,,CC[N+]1(C)CCCC1,
[H][B-](C#N)([H])N1N=NN=C1.C[N+]2(CCCC2)CCCC,-47/-13,,200,1.08,67,,,,,,173,,,,CCCC[N+]1(C)CCCC1,
[H][B-](N1N=NN=C1)(C#N)[H].CC[N+]2=CC=CC=C2,<-70,,175,1.17,299.2,,,,,,183,,,,CC[n+]1ccccc1,
[H][B-](C#N)([H])N1N=NN=C1.CCCC[N+]2=CC=CC=C2,<-70,,180,1.13,280.4,,,,,,180,,,,CCCC[n+]1ccccc1,
[H][B-](N1N=NN=C1)(C#N)[H].C=CC[N+]2=CC=CC=C2,<-70,,165,1.17,417.7,,,,,,189,,,,C=CC[n+]1ccccc1,
N#C[N-]C#N.N[C+](N)[H].N#N,58,,218,1.365,146,,,,,2460,,,,,N[CH+]N,
N#C[N-]C#N.N[C+]([H])NN.N#N,52,,170,1.383,224,,,,,2556,,,,,N[CH+]NN,
N#C[N-]C#N.N[C+](NN)NN,63,,175,1.402,327,,,,,2652,,,,,NN[C+](N)NN,
N#C[N-]C#N.NN[C+](NN)NN,123,,175,1.415,423,,,,,2723,,,,,NN[C+](NN)NN,
[C-]#[N+][N-][N+]#[C-].O=[N+](OCC[N+]1=CC=CC=C1)[O-],60,,186.6,1.39,237,,,,,233.8,,,,,O=[N+]([O-])OCC[n+]1ccccc1,
[C-]#[N+][N-][N+]#[C-].CN1C=C[N+](CCO[N+]([O-])=O)=C1,-50.2,,186.8,1.3,169,,,,,226.5,,,,,Cn1cc[n+](CCO[N+](=O)[O-])c1,
[C-]#[N+][N-][N+]#[C-].C[N+]1(CCO[N+]([O-])=O)CCCC1,-49.9,,194.1,1.22,68.3,,,,,243.1,,,,,C[N+]1(CCO[N+](=O)[O-])CCCC1,
[C-]#[N+][N-][N+]#[C-].C[N+](C)(C)CCO[N+]([O-])=O,-50.1,,200.9,1.22,50.1,,,,,234.1,,,,,C[N+](C)(C)CCO[N+](=O)[O-],
[C-]#[N+][N-][N+]#[C-].OCC[N+]1=CC=CC=C1,-48.9,,248.2,1.21,115.9,,,,,252.6,,,,,OCC[n+]1ccccc1,
[C-]#[N+][N-][N+]#[C-].OCC[N+]1=CN(C)C=C1,-50,,260.8,1.19,64.4,,,,,246.7,,,,,Cn1cc[n+](CCO)c1,
[C-]#[N+][N-][N+]#[C-].C[N+]1(CCO)CCCC1,-49.8,,269.1,1.13,-54.7,,,,,260.4,,,,,C[N+]1(CCO)CCCC1,
[C-]#[N+][N-][N+]#[C-].OCC[N+](C)(C)C,-49.9,,280.8,1.09,-60.2,,,,,256.5,,,,,C[N+](C)(C)CCO,
[C-]#[N+][N-][N+]#[C-].CC[N+]1=CC=CC=C1,-46.1,,267.8,1.12,264.3,,,,,259.9,,,,,CC[n+]1ccccc1,
[C-]#[N+][N-][N+]#[C-].CC[N+]1=CN(C)C=C1,-50.7,,316.3,1.11,215.7,,,,,256.9,,,,,CC[n+]1ccn(C)c1,
[C-]#[N+][N-][N+]#[C-].C[N+]1(CC)CCCC1,-50.2,,308.6,1.05,89.7,,,,,262.1,,,,,CC[N+]1(C)CCCC1,
[C-]#[N+][N-][N+]#[C-].CCC[N+](C)(C)C,96.3,,306.2,1.05,53.2,,,,,262.5,,,,,CCC[N+](C)(C)C,
CC[N+]1=CN(C)C=C1.[O-][P+](OC)([BH3-])OC,-49,,210,,,,,,,243.2,2.3,,,,CC[n+]1ccn(C)c1,
CN1C=[N+](CCCC)C=C1.[O-][P+](OC)([BH3-])OC,-47,,215,,,,,,,245.6,4.5,,,,CCCC[n+]1ccn(C)c1,
C[N+]1(CC)CCCC1.[O-][P+](OC)([BH3-])OC,-49,,224,,,,,,,246,8.2,,,,CC[N+]1(C)CCCC1,
C[N+]1(CCC)CCCC1.[O-][P+](OC)([BH3-])OC,-48,,226,,,,,,,247.5,9.5,,,,CCC[N+]1(C)CCCC1,
C[N+]1(CCCC)CCCC1.[O-][P+](OC)([BH3-])OC,-45,,231,,,,,,,246.9,4.8,,,,CCCC[N+]1(C)CCCC1,
CC[N+](CC)(CC)CC.[O-][P+](OC)([BH3-])OC,-47,,235,,,,,,,248.4,7,,,,CC[N+](CC)(CC)CC,
CC[N+]1=CN(C)C=C1.[O-][P+](OCC)([BH3-])OCC,-17,,215,,,,,,,247.9,5.8,,,,CC[n+]1ccn(C)c1,
CN1C=[N+](CCCC)C=C1.[O-][P+](OCC)([BH3-])OCC,-13,,213,,,,,,,249.2,8.8,,,,CCCC[n+]1ccn(C)c1,
C[N+]1(CC)CCCC1.[O-][P+](OCC)([BH3-])OCC,-17,,232,,,,,,,248.8,6.2,,,,CC[N+]1(C)CCCC1,
C[N+]1(CCC)CCCC1.[O-][P+](OCC)([BH3-])OCC,-16,,236,,,,,,,249.8,9.7,,,,CCC[N+]1(C)CCCC1,
CCCC[N+]1CCCC1.[O-][P+](OCC)([BH3-])OCC,-15,,228,,,,,,,249,5.8,,,,CCCC[N+]1CCCC1,
CC[N+](CC)(CC)CC.[O-][P+](OCC)([BH3-])OCC,-18,,230,,,,,,,250,6.3,,,,CC[N+](CC)(CC)CC,
CN1C=C[N+](CCO[N+]([O-])=O)=C1.O=[N+](C2=NC([N+]([O-])=O)=N[N-]2)[O-],55,-21,169,1.55,43.88,,,,,,,,,,Cn1cc[n+](CCO[N+](=O)[O-])c1,
CN1C=C[N+](CCO[N+]([O-])=O)=C1.[O-]C2=C([N+]([O-])=O)C=C([N+]([O-])=O)C=C2[N+]([O-])=O,81,-58,198,1.59,-5.63,,,,,,,,,,Cn1cc[n+](CCO[N+](=O)[O-])c1,
CN1C=C[N+](CCO[N+]([O-])=O)=C1.O=C2[N-]N=C([N+]([O-])=O)N2,,-12,139,1.53,140.99,,,,,,,,,,Cn1cc[n+](CCO[N+](=O)[O-])c1,
CN1C=C[N+](CCO[N+]([O-])=O)=C1.O=[N+]([CH-][N+]([O-])=O)[O-],,-51,138,1.52,-153.84,,,,,,,,,,Cn1cc[n+](CCO[N+](=O)[O-])c1,
CN1C=C[N+](CCO[N+]([O-])=O)=C1.O=[N+]([N-][N+]([O-])=O)[O-],,-64,171,1.54,-96.09,,,,,,,,,,Cn1cc[n+](CCO[N+](=O)[O-])c1,
CN1C=C[N+](CCO[N+]([O-])=O)=C1.O=[N+](C2=NN=N[N-]2)[O-],45,-36,185,1.52,185.43,,,,,,,,,,Cn1cc[n+](CCO[N+](=O)[O-])c1,
[N-]=[N+]=NCC[N+](CC)(C)CC.[O-][N+]([O-])=O,,26.8,204.1,1.2,113.03,,,,,268.3,-,,-,,CC[N+](C)(CC)CCN=[N+]=[N-],
[N-]=[N+]=NCC[N+](CC)(C)CC.N#C[N-]C#N,,<-70,200.5,1.11,309.96,,,,,262.6,15,,59.2,,CC[N+](C)(CC)CCN=[N+]=[N-],
[N-]=[N+]=NCC[N+](CC)(C)CC.N#C[N-][N+]([O-])=O,,<-70,211.2,1.19,406.66,,,,,267.8,95,,93.4,,CC[N+](C)(CC)CCN=[N+]=[N-],
C[N+](CCCN=[N+]=[N-])(C)C.[O-][N+]([O-])=O,,<-70,206.5,1.22,59.49,,,,,267.4,-,,279.9,,C[N+](C)(C)CCCN=[N+]=[N-],
C[N+](CCCN=[N+]=[N-])(C)C.N#C[N-]C#N,,3.5,204.2,1.11,258.79,,,,,261.1,12,,42.8,,C[N+](C)(C)CCCN=[N+]=[N-],
C[N+](CCCN=[N+]=[N-])(C)C.N#C[N-][N+]([O-])=O,,<-70,210.5,1.2,355.19,,,,,267,65,,71.8,,C[N+](C)(C)CCCN=[N+]=[N-],
C[N+]1(CCN=[N+]=[N-])CCCC1.[O-][N+]([O-])=O,,<-70,206.2,1.25,110.54,,,,,266.4,-,,334.1,,C[N+]1(CCN=[N+]=[N-])CCCC1,
C[N+]1(CCN=[N+]=[N-])CCCC1.N#C[N-]C#N,,<-70,205,1.16,307.31,,,,,260.8,7,,30.9,,C[N+]1(CCN=[N+]=[N-])CCCC1,
C[N+]1(CCN=[N+]=[N-])CCCC1.N#C[N-][N+]([O-])=O,,<-70,210.2,1.23,405.38,,,,,266.1,201,,62.1,,C[N+]1(CCN=[N+]=[N-])CCCC1,
C[N+]1(CCN=[N+]=[N-])CCCCC1.[O-][N+]([O-])=O,,<-70,208.2,1.21,91.52,,,,,266,-,,518.4,,C[N+]1(CCN=[N+]=[N-])CCCCC1,
C[N+]1(CCN=[N+]=[N-])CCCCC1.N#C[N-]C#N,,<-70,209,1.15,285.17,,,,,261,25,,84.5,,C[N+]1(CCN=[N+]=[N-])CCCCC1,
C[N+]1(CCN=[N+]=[N-])CCCCC1.N#C[N-][N+]([O-])=O,,<-70,210.5,1.2,383.46,,,,,265.8,75,,93.1,,C[N+]1(CCN=[N+]=[N-])CCCCC1,
C[N+]1(CCN=[N+]=[N-])CCOCC1.[O-][N+]([O-])=O,,95.8,207,1.31,2.25,,,,,265.5,-,,-,,C[N+]1(CCN=[N+]=[N-])CCOCC1,
C[N+]1(CCN=[N+]=[N-])CCOCC1.N#C[N-]C#N,,<-70,205.7,1.22,198.39,,,,,260,17,,310.8,,C[N+]1(CCN=[N+]=[N-])CCOCC1,
C[N+]1(CCN=[N+]=[N-])CCOCC1.N#C[N-][N+]([O-])=O,,<-70,210.9,1.3,295.24,,,,,265.3,80,,404.6,,C[N+]1(CCN=[N+]=[N-])CCOCC1,
